{
  "type": "FeatureCollection",
  "name": "koraput_district_boundary",
  "crs": {
    "type": "name",
    "properties": {
      "name": "urn:ogc:def:crs:OGC:1.3:CRS84"
    }
  },
  "features": [
    {
      "type": "Feature",
      "id": "koraput-district",
      "properties": {
        "osm_id": 1984516,
        "osm_type": "relation",
        "name": "Koraput",
        "district": "Koraput",
        "state": "Odisha",
        "country": "India",
        "displayName": "Koraput, Odisha, India",
        "type": "administrative",
        "importance": 0.48941528627810044,
        "boundingBox": [
          "18.2366475",
          "19.2107314",
          "82.0897150",
          "83.4147048"
        ],
        "source": "OpenStreetMap Administrative Relation / Survey of India Boundary"
      },
      "geometry": {
        "type": "Polygon",
        "coordinates": [
          [
            [
              82.089715,
              18.7602658
            ],
            [
              82.0906162,
              18.7570962
            ],
            [
              82.0918607,
              18.7549019
            ],
            [
              82.0924615,
              18.7538859
            ],
            [
              82.0933198,
              18.7526262
            ],
            [
              82.0936203,
              18.7503505
            ],
            [
              82.0943069,
              18.7441734
            ],
            [
              82.0934486,
              18.7423447
            ],
            [
              82.0925903,
              18.7406784
            ],
            [
              82.0939207,
              18.7369801
            ],
            [
              82.0972037,
              18.7344604
            ],
            [
              82.0998645,
              18.7335866
            ],
            [
              82.102375,
              18.7321031
            ],
            [
              82.1044135,
              18.7308839
            ],
            [
              82.1061516,
              18.7294411
            ],
            [
              82.1071386,
              18.7288517
            ],
            [
              82.1088123,
              18.7282827
            ],
            [
              82.1118808,
              18.726149
            ],
            [
              82.1134472,
              18.727287
            ],
            [
              82.1155929,
              18.7268399
            ],
            [
              82.1178674,
              18.7256409
            ],
            [
              82.1215153,
              18.7247671
            ],
            [
              82.1255708,
              18.7238323
            ],
            [
              82.1301627,
              18.7225723
            ],
            [
              82.1316647,
              18.720601
            ],
            [
              82.132566,
              18.7181826
            ],
            [
              82.1334672,
              18.7152155
            ],
            [
              82.1338319,
              18.708773
            ],
            [
              82.1349477,
              18.7074316
            ],
            [
              82.137351,
              18.7070657
            ],
            [
              82.1396255,
              18.7065373
            ],
            [
              82.1415996,
              18.7044642
            ],
            [
              82.1422004,
              18.7015375
            ],
            [
              82.1424579,
              18.6991798
            ],
            [
              82.1433162,
              18.6973099
            ],
            [
              82.1445179,
              18.6956839
            ],
            [
              82.1452045,
              18.6940578
            ],
            [
              82.1444749,
              18.6920253
            ],
            [
              82.1434021,
              18.6904398
            ],
            [
              82.1423292,
              18.6888544
            ],
            [
              82.1419859,
              18.6863746
            ],
            [
              82.1421575,
              18.6843012
            ],
            [
              82.1413421,
              18.6833662
            ],
            [
              82.139883,
              18.6833662
            ],
            [
              82.1369648,
              18.6833662
            ],
            [
              82.1347761,
              18.6825938
            ],
            [
              82.133274,
              18.6811709
            ],
            [
              82.1323728,
              18.6795447
            ],
            [
              82.1329307,
              18.6774713
            ],
            [
              82.1345186,
              18.6766582
            ],
            [
              82.1363639,
              18.6761297
            ],
            [
              82.1376943,
              18.6746254
            ],
            [
              82.1399688,
              18.6730398
            ],
            [
              82.14396,
              18.6725519
            ],
            [
              82.1444749,
              18.6701532
            ],
            [
              82.1445608,
              18.6682016
            ],
            [
              82.1454191,
              18.6657622
            ],
            [
              82.1473074,
              18.6652743
            ],
            [
              82.1490669,
              18.666738
            ],
            [
              82.151041,
              18.6671039
            ],
            [
              82.1533155,
              18.6670632
            ],
            [
              82.1548605,
              18.6672665
            ],
            [
              82.156105,
              18.6673478
            ],
            [
              82.1572637,
              18.6692181
            ],
            [
              82.1579933,
              18.6705598
            ],
            [
              82.1600961,
              18.670885
            ],
            [
              82.1610403,
              18.6688928
            ],
            [
              82.1620273,
              18.6665347
            ],
            [
              82.1629285,
              18.6638919
            ],
            [
              82.1639585,
              18.6593787
            ],
            [
              82.1647739,
              18.6516532
            ],
            [
              82.1654176,
              18.6476684
            ],
            [
              82.1658039,
              18.6450253
            ],
            [
              82.1684217,
              18.6439274
            ],
            [
              82.1694517,
              18.6426668
            ],
            [
              82.1737432,
              18.6388444
            ],
            [
              82.1769189,
              18.6377871
            ],
            [
              82.1785926,
              18.6376245
            ],
            [
              82.1818971,
              18.6381938
            ],
            [
              82.1843862,
              18.6402677
            ],
            [
              82.1861457,
              18.6434801
            ],
            [
              82.1871757,
              18.6463672
            ],
            [
              82.1882057,
              18.6486443
            ],
            [
              82.1896219,
              18.6501081
            ],
            [
              82.1931839,
              18.6522632
            ],
            [
              82.1952009,
              18.6535643
            ],
            [
              82.1965742,
              18.6549874
            ],
            [
              82.1979045,
              18.6529137
            ],
            [
              82.200694,
              18.6540929
            ],
            [
              82.2035265,
              18.6562886
            ],
            [
              82.2069168,
              18.6582403
            ],
            [
              82.2099638,
              18.6602733
            ],
            [
              82.210865,
              18.6638919
            ],
            [
              82.2130537,
              18.6659248
            ],
            [
              82.2158002,
              18.6665347
            ],
            [
              82.2177314,
              18.6671852
            ],
            [
              82.219963,
              18.6683236
            ],
            [
              82.2211647,
              18.6697466
            ],
            [
              82.22301,
              18.6712103
            ],
            [
              82.2242116,
              18.6708037
            ],
            [
              82.2242116,
              18.6692181
            ],
            [
              82.2241258,
              18.6671445
            ],
            [
              82.2251987,
              18.6653149
            ],
            [
              82.2274732,
              18.6636479
            ],
            [
              82.2289753,
              18.6619809
            ],
            [
              82.2304773,
              18.659826
            ],
            [
              82.2319793,
              18.6578337
            ],
            [
              82.2324514,
              18.655516
            ],
            [
              82.2328805,
              18.6529137
            ],
            [
              82.2325372,
              18.650596
            ],
            [
              82.2313356,
              18.6463672
            ],
            [
              82.2327947,
              18.6450253
            ],
            [
              82.2340822,
              18.6437647
            ],
            [
              82.2354984,
              18.6427075
            ],
            [
              82.235713,
              18.6409183
            ],
            [
              82.2348547,
              18.6395357
            ],
            [
              82.2338247,
              18.6381124
            ],
            [
              82.2323226,
              18.6360385
            ],
            [
              82.2304344,
              18.6330699
            ],
            [
              82.2312069,
              18.6306706
            ],
            [
              82.2318935,
              18.6288
            ],
            [
              82.2329235,
              18.6278646
            ],
            [
              82.2341251,
              18.6268886
            ],
            [
              82.234168,
              18.6234725
            ],
            [
              82.2391462,
              18.6226185
            ],
            [
              82.244296,
              18.6220898
            ],
            [
              82.242279,
              18.6192023
            ],
            [
              82.2421932,
              18.6176569
            ],
            [
              82.2430944,
              18.6155827
            ],
            [
              82.2431802,
              18.6135899
            ],
            [
              82.2440815,
              18.6121664
            ],
            [
              82.244811,
              18.6118817
            ],
            [
              82.2465276,
              18.6131832
            ],
            [
              82.2481584,
              18.6141186
            ],
            [
              82.2500896,
              18.6141999
            ],
            [
              82.2518491,
              18.6137932
            ],
            [
              82.2535228,
              18.6124511
            ],
            [
              82.2535657,
              18.6078552
            ],
            [
              82.2542953,
              18.6051302
            ],
            [
              82.2547674,
              18.6040727
            ],
            [
              82.2565269,
              18.6037066
            ],
            [
              82.2583723,
              18.6040727
            ],
            [
              82.2581577,
              18.6018357
            ],
            [
              82.2587156,
              18.5995173
            ],
            [
              82.2598743,
              18.597809
            ],
            [
              82.2614622,
              18.5970361
            ],
            [
              82.2642517,
              18.5963853
            ],
            [
              82.2651958,
              18.5962226
            ],
            [
              82.2647237,
              18.594555
            ],
            [
              82.264595,
              18.5911382
            ],
            [
              82.2663545,
              18.5895519
            ],
            [
              82.2685003,
              18.5894298
            ],
            [
              82.2702169,
              18.5895925
            ],
            [
              82.2721481,
              18.5888197
            ],
            [
              82.2746801,
              18.5881282
            ],
            [
              82.2783708,
              18.5893485
            ],
            [
              82.281332,
              18.5907721
            ],
            [
              82.2836494,
              18.5896739
            ],
            [
              82.2846365,
              18.5875994
            ],
            [
              82.2854089,
              18.5860537
            ],
            [
              82.2861385,
              18.584752
            ],
            [
              82.2878122,
              18.5843859
            ],
            [
              82.2910738,
              18.5842232
            ],
            [
              82.2907733,
              18.5818232
            ],
            [
              82.2903442,
              18.5795452
            ],
            [
              82.2905588,
              18.5783248
            ],
            [
              82.291975,
              18.5776333
            ],
            [
              82.293992,
              18.5788537
            ],
            [
              82.2959232,
              18.5786503
            ],
            [
              82.2972107,
              18.5776333
            ],
            [
              82.2983264,
              18.5766977
            ],
            [
              82.2996997,
              18.5760875
            ],
            [
              82.301588,
              18.5762095
            ],
            [
              82.303605,
              18.5773485
            ],
            [
              82.3063087,
              18.5771045
            ],
            [
              82.3131322,
              18.5748264
            ],
            [
              82.3149347,
              18.5760468
            ],
            [
              82.3172092,
              18.5793011
            ],
            [
              82.3195266,
              18.5816605
            ],
            [
              82.3218441,
              18.5841418
            ],
            [
              82.3242044,
              18.5857689
            ],
            [
              82.3272085,
              18.5874367
            ],
            [
              82.3293542,
              18.5912196
            ],
            [
              82.3303842,
              18.5936601
            ],
            [
              82.3308563,
              18.5958566
            ],
            [
              82.3314571,
              18.5984597
            ],
            [
              82.3338174,
              18.600046
            ],
            [
              82.3362207,
              18.6007375
            ],
            [
              82.3384952,
              18.6018763
            ],
            [
              82.3406839,
              18.6037066
            ],
            [
              82.3430013,
              18.6051708
            ],
            [
              82.34622,
              18.6075298
            ],
            [
              82.3489666,
              18.6102955
            ],
            [
              82.3538589,
              18.6129798
            ],
            [
              82.3554468,
              18.6144846
            ],
            [
              82.3593092,
              18.6168841
            ],
            [
              82.3609399,
              18.618877
            ],
            [
              82.362442,
              18.6218865
            ],
            [
              82.3651886,
              18.6228625
            ],
            [
              82.3686218,
              18.6228625
            ],
            [
              82.3721408,
              18.6227405
            ],
            [
              82.3732137,
              18.6213578
            ],
            [
              82.3732137,
              18.6190803
            ],
            [
              82.3739433,
              18.6174535
            ],
            [
              82.3769474,
              18.6169655
            ],
            [
              82.379651,
              18.6169655
            ],
            [
              82.3829984,
              18.6169655
            ],
            [
              82.384758,
              18.6177789
            ],
            [
              82.387247,
              18.6207071
            ],
            [
              82.3896932,
              18.6238385
            ],
            [
              82.3915386,
              18.6254246
            ],
            [
              82.3941564,
              18.6244486
            ],
            [
              82.3954868,
              18.6228625
            ],
            [
              82.3969459,
              18.6216018
            ],
            [
              82.3983192,
              18.6201377
            ],
            [
              82.3991775,
              18.6185516
            ],
            [
              82.4005508,
              18.6166401
            ],
            [
              82.4007654,
              18.6144846
            ],
            [
              82.4010658,
              18.6114343
            ],
            [
              82.4020528,
              18.6093194
            ],
            [
              82.4040269,
              18.6074078
            ],
            [
              82.407546,
              18.603788
            ],
            [
              82.409048,
              18.6007375
            ],
            [
              82.4078464,
              18.5985005
            ],
            [
              82.402954,
              18.5962227
            ],
            [
              82.393341,
              18.5937008
            ],
            [
              82.3904227,
              18.5919925
            ],
            [
              82.3888778,
              18.5899587
            ],
            [
              82.3881053,
              18.5867859
            ],
            [
              82.3887061,
              18.5839385
            ],
            [
              82.3904227,
              18.5814164
            ],
            [
              82.393341,
              18.5793825
            ],
            [
              82.3978042,
              18.5774299
            ],
            [
              82.4013232,
              18.5741756
            ],
            [
              82.4059581,
              18.5693753
            ],
            [
              82.4099921,
              18.5671785
            ],
            [
              82.4134254,
              18.5647376
            ],
            [
              82.4165153,
              18.5609947
            ],
            [
              82.4164294,
              18.5600183
            ],
            [
              82.4081039,
              18.5471619
            ],
            [
              82.4057864,
              18.5421981
            ],
            [
              82.403469,
              18.5389431
            ],
            [
              82.4041556,
              18.5331652
            ],
            [
              82.4041556,
              18.5289334
            ],
            [
              82.4040698,
              18.5255968
            ],
            [
              82.4011516,
              18.5237249
            ],
            [
              82.3988341,
              18.5241319
            ],
            [
              82.3960876,
              18.5259223
            ],
            [
              82.3939418,
              18.5278755
            ],
            [
              82.3913669,
              18.5286893
            ],
            [
              82.3892211,
              18.5273872
            ],
            [
              82.386732,
              18.5250271
            ],
            [
              82.3850154,
              18.5225856
            ],
            [
              82.3847579,
              18.5196557
            ],
            [
              82.3854446,
              18.5161561
            ],
            [
              82.3863029,
              18.5144469
            ],
            [
              82.3881911,
              18.5126564
            ],
            [
              82.3893364,
              18.5114039
            ],
            [
              82.3905086,
              18.5104588
            ],
            [
              82.3871612,
              18.5012615
            ],
            [
              82.3906802,
              18.4981685
            ],
            [
              82.3961734,
              18.4955638
            ],
            [
              82.402439,
              18.4923892
            ],
            [
              82.4091338,
              18.4899473
            ],
            [
              82.4144553,
              18.4881564
            ],
            [
              82.4195193,
              18.4865284
            ],
            [
              82.4251842,
              18.4861214
            ],
            [
              82.4304515,
              18.4852794
            ],
            [
              82.4322438,
              18.4873424
            ],
            [
              82.4334347,
              18.4901609
            ],
            [
              82.433939,
              18.4913412
            ],
            [
              82.4347973,
              18.492145
            ],
            [
              82.4364281,
              18.4928979
            ],
            [
              82.437619,
              18.4936305
            ],
            [
              82.4380267,
              18.4945157
            ],
            [
              82.4380588,
              18.4955128
            ],
            [
              82.4376833,
              18.4960928
            ],
            [
              82.4370396,
              18.4964998
            ],
            [
              82.4360204,
              18.4964489
            ],
            [
              82.4349582,
              18.4964896
            ],
            [
              82.4343789,
              18.4967948
            ],
            [
              82.4340355,
              18.4975274
            ],
            [
              82.4340892,
              18.4983515
            ],
            [
              82.434454,
              18.499023
            ],
            [
              82.4348187,
              18.4995419
            ],
            [
              82.4355054,
              18.4999896
            ],
            [
              82.4366212,
              18.5006103
            ],
            [
              82.4373186,
              18.5016379
            ],
            [
              82.43734,
              18.5028181
            ],
            [
              82.437619,
              18.5051174
            ],
            [
              82.4378765,
              18.5062976
            ],
            [
              82.438842,
              18.5069895
            ],
            [
              82.4398827,
              18.5072947
            ],
            [
              82.4412346,
              18.5076406
            ],
            [
              82.4423075,
              18.5079763
            ],
            [
              82.4433589,
              18.5087699
            ],
            [
              82.4436164,
              18.5098483
            ],
            [
              82.4438524,
              18.511466
            ],
            [
              82.4440777,
              18.5127987
            ],
            [
              82.4447644,
              18.5143248
            ],
            [
              82.4454725,
              18.5151081
            ],
            [
              82.4482083,
              18.5162984
            ],
            [
              82.450633,
              18.5173768
            ],
            [
              82.4528217,
              18.519208
            ],
            [
              82.4563193,
              18.5212833
            ],
            [
              82.4581647,
              18.5240301
            ],
            [
              82.4605465,
              18.525556
            ],
            [
              82.4619412,
              18.5274278
            ],
            [
              82.4626708,
              18.5300524
            ],
            [
              82.4634218,
              18.5315579
            ],
            [
              82.465353,
              18.5338976
            ],
            [
              82.4679065,
              18.5355455
            ],
            [
              82.4687004,
              18.5365424
            ],
            [
              82.4695372,
              18.5380479
            ],
            [
              82.4716615,
              18.540896
            ],
            [
              82.4736786,
              18.5427066
            ],
            [
              82.4770045,
              18.5442934
            ],
            [
              82.4799228,
              18.5463888
            ],
            [
              82.4821114,
              18.5484435
            ],
            [
              82.4854588,
              18.5493793
            ],
            [
              82.4877548,
              18.5495623
            ],
            [
              82.4890423,
              18.5491758
            ],
            [
              82.4906945,
              18.5482604
            ],
            [
              82.4918103,
              18.5470805
            ],
            [
              82.4930548,
              18.5452089
            ],
            [
              82.4935269,
              18.5439883
            ],
            [
              82.4936127,
              18.542788
            ],
            [
              82.4928188,
              18.5415877
            ],
            [
              82.4914241,
              18.5416895
            ],
            [
              82.4885916,
              18.5423811
            ],
            [
              82.4864888,
              18.5430932
            ],
            [
              82.484343,
              18.5430525
            ],
            [
              82.4831414,
              18.5426253
            ],
            [
              82.4818969,
              18.5410384
            ],
            [
              82.481575,
              18.5396347
            ],
            [
              82.4824118,
              18.5378241
            ],
            [
              82.4832916,
              18.5365831
            ],
            [
              82.4838495,
              18.5352607
            ],
            [
              82.4850082,
              18.5345893
            ],
            [
              82.4864673,
              18.5338365
            ],
            [
              82.4874759,
              18.53286
            ],
            [
              82.4873686,
              18.5315986
            ],
            [
              82.4868536,
              18.5301948
            ],
            [
              82.486403,
              18.5293403
            ],
            [
              82.4864244,
              18.5286079
            ],
            [
              82.486875,
              18.5278958
            ],
            [
              82.4884414,
              18.527143
            ],
            [
              82.4902653,
              18.5267361
            ],
            [
              82.4920678,
              18.5256984
            ],
            [
              82.4936557,
              18.5247625
            ],
            [
              82.4952006,
              18.5228297
            ],
            [
              82.4958873,
              18.521853
            ],
            [
              82.4972391,
              18.5207543
            ],
            [
              82.499299,
              18.5195539
            ],
            [
              82.5006509,
              18.5186993
            ],
            [
              82.5017023,
              18.5174379
            ],
            [
              82.5023675,
              18.5164612
            ],
            [
              82.5035476,
              18.5148131
            ],
            [
              82.5044703,
              18.5139789
            ],
            [
              82.5048566,
              18.5136533
            ],
            [
              82.5053072,
              18.5136737
            ],
            [
              82.5061869,
              18.5142027
            ],
            [
              82.5073457,
              18.5155049
            ],
            [
              82.5088262,
              18.5167461
            ],
            [
              82.5116372,
              18.5180279
            ],
            [
              82.5133538,
              18.5183331
            ],
            [
              82.5152206,
              18.5181703
            ],
            [
              82.5165725,
              18.5177024
            ],
            [
              82.5177097,
              18.5175803
            ],
            [
              82.5189972,
              18.5175192
            ],
            [
              82.5208211,
              18.5174785
            ],
            [
              82.5219154,
              18.5169902
            ],
            [
              82.5226664,
              18.5165426
            ],
            [
              82.5248337,
              18.5165629
            ],
            [
              82.5262928,
              18.516156
            ],
            [
              82.5273442,
              18.5153625
            ],
            [
              82.5285244,
              18.5143044
            ],
            [
              82.5295329,
              18.5125342
            ],
            [
              82.5307989,
              18.5116389
            ],
            [
              82.5323438,
              18.5112523
            ],
            [
              82.5325584,
              18.5101943
            ],
            [
              82.5322795,
              18.5093804
            ],
            [
              82.5313782,
              18.5083833
            ],
            [
              82.5302195,
              18.5076101
            ],
            [
              82.5291037,
              18.5069386
            ],
            [
              82.5272155,
              18.5058195
            ],
            [
              82.5270867,
              18.5048835
            ],
            [
              82.527709,
              18.5041102
            ],
            [
              82.5286102,
              18.5034794
            ],
            [
              82.5291681,
              18.5027672
            ],
            [
              82.5296616,
              18.5017498
            ],
            [
              82.5296831,
              18.5010579
            ],
            [
              82.5292754,
              18.5001829
            ],
            [
              82.5273013,
              18.4978428
            ],
            [
              82.5267005,
              18.4962556
            ],
            [
              82.5266361,
              18.495462
            ],
            [
              82.5272155,
              18.4945666
            ],
            [
              82.5279236,
              18.4937933
            ],
            [
              82.5295543,
              18.4935288
            ],
            [
              82.5305414,
              18.4933253
            ],
            [
              82.5320434,
              18.4926537
            ],
            [
              82.5326013,
              18.4914124
            ],
            [
              82.5327945,
              18.4901914
            ],
            [
              82.5331163,
              18.4888686
            ],
            [
              82.5330734,
              18.4873627
            ],
            [
              82.5321507,
              18.4865691
            ],
            [
              82.5313782,
              18.4856736
            ],
            [
              82.5297689,
              18.4845544
            ],
            [
              82.5286102,
              18.4832112
            ],
            [
              82.5281167,
              18.4819088
            ],
            [
              82.5280523,
              18.4810947
            ],
            [
              82.5283313,
              18.4805859
            ],
            [
              82.5289321,
              18.4801586
            ],
            [
              82.5303912,
              18.4804435
            ],
            [
              82.5317859,
              18.4805249
            ],
            [
              82.5332665,
              18.4798533
            ],
            [
              82.5338888,
              18.4790392
            ],
            [
              82.5342321,
              18.4776757
            ],
            [
              82.5334596,
              18.4763325
            ],
            [
              82.5321722,
              18.4741956
            ],
            [
              82.5311208,
              18.4731983
            ],
            [
              82.5301552,
              18.4725674
            ],
            [
              82.5293183,
              18.4723639
            ],
            [
              82.5281596,
              18.4721807
            ],
            [
              82.526958,
              18.4718551
            ],
            [
              82.5249839,
              18.4718754
            ],
            [
              82.5243401,
              18.4715091
            ],
            [
              82.5242114,
              18.4704508
            ],
            [
              82.5223446,
              18.4688836
            ],
            [
              82.5199199,
              18.4678457
            ],
            [
              82.5189113,
              18.4669298
            ],
            [
              82.519083,
              18.4662581
            ],
            [
              82.5205421,
              18.4651387
            ],
            [
              82.5223875,
              18.46406
            ],
            [
              82.523632,
              18.4636326
            ],
            [
              82.5248337,
              18.4634698
            ],
            [
              82.5264001,
              18.4641007
            ],
            [
              82.5279879,
              18.4642636
            ],
            [
              82.5287175,
              18.4636937
            ],
            [
              82.5282454,
              18.4627371
            ],
            [
              82.5276446,
              18.4619433
            ],
            [
              82.5270223,
              18.4608239
            ],
            [
              82.5270867,
              18.4601522
            ],
            [
              82.5276017,
              18.4594805
            ],
            [
              82.5278377,
              18.4592159
            ],
            [
              82.5289535,
              18.4591752
            ],
            [
              82.5306058,
              18.4591752
            ],
            [
              82.5317859,
              18.4591752
            ],
            [
              82.5327945,
              18.4587478
            ],
            [
              82.5334811,
              18.4580761
            ],
            [
              82.5339746,
              18.4573637
            ],
            [
              82.5344038,
              18.4562239
            ],
            [
              82.534554,
              18.4548195
            ],
            [
              82.5358844,
              18.4530487
            ],
            [
              82.536056,
              18.4506468
            ],
            [
              82.5364852,
              18.448306
            ],
            [
              82.5374937,
              18.445782
            ],
            [
              82.538588,
              18.4447031
            ],
            [
              82.5394249,
              18.4439296
            ],
            [
              82.5405836,
              18.4444589
            ],
            [
              82.5417208,
              18.4456191
            ],
            [
              82.5427294,
              18.4466165
            ],
            [
              82.5438881,
              18.448591
            ],
            [
              82.544167,
              18.4496087
            ],
            [
              82.5440383,
              18.450545
            ],
            [
              82.5431156,
              18.4512778
            ],
            [
              82.5422787,
              18.4523973
            ],
            [
              82.5416565,
              18.4535168
            ],
            [
              82.541399,
              18.4550027
            ],
            [
              82.5415063,
              18.4565089
            ],
            [
              82.5423217,
              18.4573637
            ],
            [
              82.5433731,
              18.4574859
            ],
            [
              82.5442314,
              18.4570177
            ],
            [
              82.5453472,
              18.4561832
            ],
            [
              82.5460124,
              18.455369
            ],
            [
              82.5466132,
              18.4545142
            ],
            [
              82.547493,
              18.4537814
            ],
            [
              82.5485229,
              18.4531911
            ],
            [
              82.54951,
              18.4533743
            ],
            [
              82.5506472,
              18.4538832
            ],
            [
              82.5515485,
              18.4544735
            ],
            [
              82.5521493,
              18.4548602
            ],
            [
              82.5543165,
              18.4547584
            ],
            [
              82.5550246,
              18.4538425
            ],
            [
              82.5554752,
              18.4527433
            ],
            [
              82.5559473,
              18.451746
            ],
            [
              82.5569987,
              18.4501379
            ],
            [
              82.5594234,
              18.4496087
            ],
            [
              82.5610113,
              18.4487946
            ],
            [
              82.5617837,
              18.4476547
            ],
            [
              82.5612258,
              18.4458227
            ],
            [
              82.5597238,
              18.4443164
            ],
            [
              82.5577497,
              18.44395
            ],
            [
              82.5569772,
              18.4430137
            ],
            [
              82.5574064,
              18.4417516
            ],
            [
              82.5573206,
              18.4400417
            ],
            [
              82.5566768,
              18.4387389
            ],
            [
              82.5549602,
              18.436744
            ],
            [
              82.5525999,
              18.4350341
            ],
            [
              82.5514411,
              18.4325099
            ],
            [
              82.552042,
              18.4290899
            ],
            [
              82.5501966,
              18.4273392
            ],
            [
              82.5477933,
              18.4266063
            ],
            [
              82.5464201,
              18.4250998
            ],
            [
              82.5460338,
              18.4225754
            ],
            [
              82.5443172,
              18.4218833
            ],
            [
              82.5431585,
              18.421354
            ],
            [
              82.5433301,
              18.4168751
            ],
            [
              82.5445747,
              18.4152057
            ],
            [
              82.5467205,
              18.4141063
            ],
            [
              82.5486517,
              18.4132105
            ],
            [
              82.5483942,
              18.4110117
            ],
            [
              82.5465059,
              18.4100345
            ],
            [
              82.5438451,
              18.4091794
            ],
            [
              82.5412702,
              18.4080799
            ],
            [
              82.5389099,
              18.4065733
            ],
            [
              82.5386095,
              18.4051481
            ],
            [
              82.5400686,
              18.4031121
            ],
            [
              82.5411415,
              18.4008317
            ],
            [
              82.5426006,
              18.3992436
            ],
            [
              82.5449609,
              18.3985106
            ],
            [
              82.5477075,
              18.3978591
            ],
            [
              82.5498962,
              18.398307
            ],
            [
              82.5521707,
              18.3980627
            ],
            [
              82.5532865,
              18.3967188
            ],
            [
              82.5541448,
              18.3949678
            ],
            [
              82.5553894,
              18.3940312
            ],
            [
              82.5570201,
              18.3955786
            ],
            [
              82.5582218,
              18.3974926
            ],
            [
              82.5607967,
              18.3985921
            ],
            [
              82.5628995,
              18.3996101
            ],
            [
              82.5643158,
              18.3987549
            ],
            [
              82.5655174,
              18.3972075
            ],
            [
              82.5674915,
              18.3962302
            ],
            [
              82.5720405,
              18.3942348
            ],
            [
              82.5740575,
              18.3952528
            ],
            [
              82.5757312,
              18.396108
            ],
            [
              82.5767612,
              18.3950085
            ],
            [
              82.5790357,
              18.3926466
            ],
            [
              82.5805807,
              18.3910584
            ],
            [
              82.5822544,
              18.3884928
            ],
            [
              82.5835418,
              18.3872303
            ],
            [
              82.5853443,
              18.3873118
            ],
            [
              82.5865459,
              18.3896331
            ],
            [
              82.588005,
              18.3910991
            ],
            [
              82.5898075,
              18.3909362
            ],
            [
              82.5912666,
              18.3897959
            ],
            [
              82.5922536,
              18.3893073
            ],
            [
              82.5937557,
              18.3891444
            ],
            [
              82.5950002,
              18.3890222
            ],
            [
              82.5950431,
              18.3871489
            ],
            [
              82.5959014,
              18.3846647
            ],
            [
              82.5971031,
              18.382547
            ],
            [
              82.5979185,
              18.3811623
            ],
            [
              82.5989055,
              18.3801849
            ],
            [
              82.6001501,
              18.3798998
            ],
            [
              82.6021671,
              18.3805921
            ],
            [
              82.6038837,
              18.3817732
            ],
            [
              82.605257,
              18.3823433
            ],
            [
              82.6055574,
              18.38047
            ],
            [
              82.6058578,
              18.3783522
            ],
            [
              82.6058578,
              18.3771711
            ],
            [
              82.6056861,
              18.3757457
            ],
            [
              82.6040554,
              18.3744831
            ],
            [
              82.6036262,
              18.3730984
            ],
            [
              82.603755,
              18.3722024
            ],
            [
              82.6048708,
              18.3707769
            ],
            [
              82.6056432,
              18.3683332
            ],
            [
              82.6062011,
              18.3663782
            ],
            [
              82.6078319,
              18.3649934
            ],
            [
              82.6101923,
              18.3640973
            ],
            [
              82.6142692,
              18.3628347
            ],
            [
              82.6160717,
              18.3620201
            ],
            [
              82.6191616,
              18.3609611
            ],
            [
              82.6209211,
              18.3599021
            ],
            [
              82.6206207,
              18.35811
            ],
            [
              82.6190328,
              18.3566844
            ],
            [
              82.6177883,
              18.3553809
            ],
            [
              82.6151275,
              18.3510633
            ],
            [
              82.6124668,
              18.3508189
            ],
            [
              82.6102352,
              18.3507374
            ],
            [
              82.6082611,
              18.3510633
            ],
            [
              82.6065874,
              18.3519594
            ],
            [
              82.6048278,
              18.352326
            ],
            [
              82.6028966,
              18.3522038
            ],
            [
              82.6022529,
              18.3514299
            ],
            [
              82.60221,
              18.3497599
            ],
            [
              82.6025533,
              18.3473973
            ],
            [
              82.6032829,
              18.3438534
            ],
            [
              82.605257,
              18.3423462
            ],
            [
              82.6071024,
              18.3413279
            ],
            [
              82.6085186,
              18.3395762
            ],
            [
              82.6093339,
              18.3379061
            ],
            [
              82.6106214,
              18.3355026
            ],
            [
              82.611351,
              18.3322437
            ],
            [
              82.6106643,
              18.3306957
            ],
            [
              82.6098918,
              18.3294328
            ],
            [
              82.6093339,
              18.3278033
            ],
            [
              82.607789,
              18.3266218
            ],
            [
              82.606287,
              18.3261737
            ],
            [
              82.6045703,
              18.32597
            ],
            [
              82.6023817,
              18.3257256
            ],
            [
              82.6002359,
              18.3263774
            ],
            [
              82.5985193,
              18.3275181
            ],
            [
              82.5964593,
              18.3283736
            ],
            [
              82.594614,
              18.3282106
            ],
            [
              82.5928545,
              18.3263774
            ],
            [
              82.5907516,
              18.3229553
            ],
            [
              82.5896787,
              18.321285
            ],
            [
              82.5885629,
              18.3195332
            ],
            [
              82.5867605,
              18.3186369
            ],
            [
              82.5847435,
              18.3197369
            ],
            [
              82.582941,
              18.3185554
            ],
            [
              82.581954,
              18.3173332
            ],
            [
              82.5820827,
              18.3150517
            ],
            [
              82.5823729,
              18.3141403
            ],
            [
              82.5826406,
              18.3132998
            ],
            [
              82.5841856,
              18.3104478
            ],
            [
              82.5853443,
              18.3088589
            ],
            [
              82.5871038,
              18.3087774
            ],
            [
              82.5883054,
              18.3087774
            ],
            [
              82.59058,
              18.3088385
            ],
            [
              82.591846,
              18.3086755
            ],
            [
              82.5922751,
              18.3096126
            ],
            [
              82.5927901,
              18.3105089
            ],
            [
              82.5933051,
              18.310733
            ],
            [
              82.5947642,
              18.3105904
            ],
            [
              82.5957083,
              18.3103867
            ],
            [
              82.5961804,
              18.3099793
            ],
            [
              82.5963735,
              18.3089811
            ],
            [
              82.596395,
              18.3083292
            ],
            [
              82.596395,
              18.3073514
            ],
            [
              82.5963306,
              18.3067606
            ],
            [
              82.5965667,
              18.3062309
            ],
            [
              82.5975537,
              18.3057216
            ],
            [
              82.5982404,
              18.305029
            ],
            [
              82.5983906,
              18.3044382
            ],
            [
              82.5983476,
              18.3037659
            ],
            [
              82.5977897,
              18.303114
            ],
            [
              82.5969744,
              18.3019121
            ],
            [
              82.5960517,
              18.3004656
            ],
            [
              82.595129,
              18.2993859
            ],
            [
              82.5948286,
              18.2982043
            ],
            [
              82.5951504,
              18.2974301
            ],
            [
              82.5953007,
              18.2966967
            ],
            [
              82.5954079,
              18.295841
            ],
            [
              82.5953221,
              18.2949446
            ],
            [
              82.5952577,
              18.2938648
            ],
            [
              82.5951075,
              18.2921739
            ],
            [
              82.5946998,
              18.2918275
            ],
            [
              82.5939917,
              18.2917868
            ],
            [
              82.5934338,
              18.2916645
            ],
            [
              82.5927043,
              18.2913386
            ],
            [
              82.5922966,
              18.2909515
            ],
            [
              82.5917816,
              18.2903606
            ],
            [
              82.5916743,
              18.2898717
            ],
            [
              82.5920176,
              18.2893419
            ],
            [
              82.5927686,
              18.2887307
            ],
            [
              82.5934553,
              18.2881195
            ],
            [
              82.5940347,
              18.2872638
            ],
            [
              82.5943565,
              18.2867545
            ],
            [
              82.5945067,
              18.2859599
            ],
            [
              82.5944209,
              18.2852468
            ],
            [
              82.5940132,
              18.2845133
            ],
            [
              82.5934124,
              18.2840243
            ],
            [
              82.5929832,
              18.2836372
            ],
            [
              82.5927901,
              18.283026
            ],
            [
              82.5925541,
              18.2824147
            ],
            [
              82.5926184,
              18.2814571
            ],
            [
              82.5919533,
              18.2808663
            ],
            [
              82.5913524,
              18.2806829
            ],
            [
              82.5907087,
              18.2806014
            ],
            [
              82.5901508,
              18.2806014
            ],
            [
              82.5895071,
              18.2806014
            ],
            [
              82.5891852,
              18.2806014
            ],
            [
              82.5884557,
              18.2802143
            ],
            [
              82.5884557,
              18.2795827
            ],
            [
              82.5884557,
              18.2789307
            ],
            [
              82.5881767,
              18.2781972
            ],
            [
              82.587769,
              18.2772599
            ],
            [
              82.5875544,
              18.2766894
            ],
            [
              82.5877261,
              18.2759763
            ],
            [
              82.5889277,
              18.2753039
            ],
            [
              82.5899577,
              18.2750186
            ],
            [
              82.5922107,
              18.2744277
            ],
            [
              82.5932407,
              18.2744685
            ],
            [
              82.5943565,
              18.2744481
            ],
            [
              82.5954294,
              18.2744685
            ],
            [
              82.5963306,
              18.2744685
            ],
            [
              82.5965881,
              18.2739184
            ],
            [
              82.596631,
              18.2734497
            ],
            [
              82.5966096,
              18.2728588
            ],
            [
              82.5966739,
              18.2721457
            ],
            [
              82.5966525,
              18.2714936
            ],
            [
              82.5966739,
              18.2708009
            ],
            [
              82.5968456,
              18.2701285
            ],
            [
              82.5969529,
              18.2694153
            ],
            [
              82.5971031,
              18.2678871
            ],
            [
              82.5965667,
              18.2666849
            ],
            [
              82.5966954,
              18.2656049
            ],
            [
              82.5968456,
              18.2654419
            ],
            [
              82.5972533,
              18.2649325
            ],
            [
              82.5981116,
              18.2646269
            ],
            [
              82.5990557,
              18.264362
            ],
            [
              82.6003432,
              18.2641174
            ],
            [
              82.6017809,
              18.2638525
            ],
            [
              82.6027465,
              18.2640563
            ],
            [
              82.6036262,
              18.2647084
            ],
            [
              82.6042056,
              18.2647287
            ],
            [
              82.6047206,
              18.2644435
            ],
            [
              82.6050854,
              18.2640156
            ],
            [
              82.6054716,
              18.2634043
            ],
            [
              82.6061153,
              18.2626096
            ],
            [
              82.6069951,
              18.2619983
            ],
            [
              82.6079607,
              18.261387
            ],
            [
              82.6098919,
              18.260633
            ],
            [
              82.6112652,
              18.259879
            ],
            [
              82.613132,
              18.2589621
            ],
            [
              82.6151705,
              18.2576783
            ],
            [
              82.6166081,
              18.2561092
            ],
            [
              82.6172948,
              18.2552126
            ],
            [
              82.6181745,
              18.2541937
            ],
            [
              82.6186895,
              18.2533582
            ],
            [
              82.619183,
              18.2518706
            ],
            [
              82.6194405,
              18.2510555
            ],
            [
              82.619698,
              18.2505461
            ],
            [
              82.6200199,
              18.2501181
            ],
            [
              82.6203847,
              18.2499958
            ],
            [
              82.6217794,
              18.2487731
            ],
            [
              82.6221227,
              18.2483656
            ],
            [
              82.622509,
              18.2478561
            ],
            [
              82.6235175,
              18.2467149
            ],
            [
              82.6245045,
              18.2464907
            ],
            [
              82.6258564,
              18.246185
            ],
            [
              82.6268005,
              18.2458386
            ],
            [
              82.6276588,
              18.2453291
            ],
            [
              82.6294184,
              18.2433524
            ],
            [
              82.6300192,
              18.2424964
            ],
            [
              82.6310277,
              18.2411922
            ],
            [
              82.6327443,
              18.2404789
            ],
            [
              82.6336241,
              18.2403362
            ],
            [
              82.6342463,
              18.2398879
            ],
            [
              82.6343751,
              18.2391746
            ],
            [
              82.6348471,
              18.2381556
            ],
            [
              82.6360273,
              18.2376665
            ],
            [
              82.6368642,
              18.2372182
            ],
            [
              82.6373791,
              18.2366679
            ],
            [
              82.63798,
              18.2366475
            ],
            [
              82.638452,
              18.2372182
            ],
            [
              82.6393747,
              18.2376665
            ],
            [
              82.6412523,
              18.2389198
            ],
            [
              82.6424646,
              18.2399083
            ],
            [
              82.6436448,
              18.2411616
            ],
            [
              82.6449752,
              18.2428327
            ],
            [
              82.6460802,
              18.2435663
            ],
            [
              82.6474857,
              18.244249
            ],
            [
              82.6485371,
              18.244891
            ],
            [
              82.6490092,
              18.2454208
            ],
            [
              82.6502216,
              18.2467455
            ],
            [
              82.6518202,
              18.2485795
            ],
            [
              82.6520669,
              18.2495475
            ],
            [
              82.652024,
              18.2501487
            ],
            [
              82.6516485,
              18.2507804
            ],
            [
              82.6511657,
              18.2515344
            ],
            [
              82.6503825,
              18.2528182
            ],
            [
              82.6500928,
              18.2541733
            ],
            [
              82.6499641,
              18.255987
            ],
            [
              82.649771,
              18.2572198
            ],
            [
              82.6495027,
              18.2580858
            ],
            [
              82.6489985,
              18.2588398
            ],
            [
              82.6484406,
              18.2596039
            ],
            [
              82.6476788,
              18.2611017
            ],
            [
              82.6470566,
              18.261713
            ],
            [
              82.6458764,
              18.262365
            ],
            [
              82.6437306,
              18.2635469
            ],
            [
              82.6429796,
              18.2650955
            ],
            [
              82.6424861,
              18.2665626
            ],
            [
              82.6424861,
              18.2681316
            ],
            [
              82.6431727,
              18.2694357
            ],
            [
              82.6457047,
              18.271025
            ],
            [
              82.648859,
              18.2731237
            ],
            [
              82.6500821,
              18.2746111
            ],
            [
              82.6513481,
              18.277647
            ],
            [
              82.6523351,
              18.2790733
            ],
            [
              82.6527428,
              18.2804588
            ],
            [
              82.6521206,
              18.2814775
            ],
            [
              82.6511979,
              18.2828426
            ],
            [
              82.6500821,
              18.2833927
            ],
            [
              82.6471853,
              18.28488
            ],
            [
              82.6459622,
              18.2857561
            ],
            [
              82.6451039,
              18.286673
            ],
            [
              82.6443529,
              18.2880176
            ],
            [
              82.6436019,
              18.2895253
            ],
            [
              82.6432156,
              18.2909515
            ],
            [
              82.6425719,
              18.2924998
            ],
            [
              82.6419282,
              18.2939056
            ],
            [
              82.6416063,
              18.2959633
            ],
            [
              82.6414346,
              18.2977765
            ],
            [
              82.6415419,
              18.2987951
            ],
            [
              82.6419496,
              18.3003434
            ],
            [
              82.6423359,
              18.3017287
            ],
            [
              82.6436019,
              18.3024621
            ],
            [
              82.6451897,
              18.3026047
            ],
            [
              82.6467562,
              18.3026047
            ],
            [
              82.6481509,
              18.3024621
            ],
            [
              82.64961,
              18.3022176
            ],
            [
              82.6504683,
              18.3021973
            ],
            [
              82.6513266,
              18.3016269
            ],
            [
              82.6518845,
              18.3005267
            ],
            [
              82.6536441,
              18.2992433
            ],
            [
              82.6545882,
              18.2980209
            ],
            [
              82.6555323,
              18.2967986
            ],
            [
              82.6565194,
              18.296167
            ],
            [
              82.6578498,
              18.2964115
            ],
            [
              82.6590085,
              18.2968189
            ],
            [
              82.6599097,
              18.2973282
            ],
            [
              82.6617551,
              18.2980209
            ],
            [
              82.6643085,
              18.2982858
            ],
            [
              82.6661753,
              18.2983061
            ],
            [
              82.6671409,
              18.2983265
            ],
            [
              82.6684928,
              18.2988969
            ],
            [
              82.6692438,
              18.2996507
            ],
            [
              82.6705098,
              18.300812
            ],
            [
              82.6713896,
              18.301688
            ],
            [
              82.6721406,
              18.302238
            ],
            [
              82.6731491,
              18.3041123
            ],
            [
              82.6749944,
              18.3056605
            ],
            [
              82.6766681,
              18.3064143
            ],
            [
              82.6779771,
              18.3058439
            ],
            [
              82.6788354,
              18.3050697
            ],
            [
              82.6797366,
              18.3041734
            ],
            [
              82.6806807,
              18.3037048
            ],
            [
              82.6819467,
              18.3034603
            ],
            [
              82.6834488,
              18.3034807
            ],
            [
              82.6855302,
              18.3037456
            ],
            [
              82.6882982,
              18.3052327
            ],
            [
              82.6909375,
              18.3065569
            ],
            [
              82.6920533,
              18.3074329
            ],
            [
              82.6929974,
              18.3095311
            ],
            [
              82.6938343,
              18.3109367
            ],
            [
              82.6946282,
              18.3119145
            ],
            [
              82.6959157,
              18.3119145
            ],
            [
              82.6992202,
              18.3110793
            ],
            [
              82.7009368,
              18.3109367
            ],
            [
              82.7025032,
              18.3113442
            ],
            [
              82.7043056,
              18.3119349
            ],
            [
              82.7063012,
              18.3123423
            ],
            [
              82.7081466,
              18.3130349
            ],
            [
              82.7091551,
              18.3134424
            ],
            [
              82.7097773,
              18.3139109
            ],
            [
              82.7088117,
              18.3150517
            ],
            [
              82.7088761,
              18.3159276
            ],
            [
              82.7094555,
              18.3166813
            ],
            [
              82.7100992,
              18.3174554
            ],
            [
              82.7108502,
              18.3182091
            ],
            [
              82.7113437,
              18.3191257
            ],
            [
              82.7118158,
              18.3198183
            ],
            [
              82.712245,
              18.3204498
            ],
            [
              82.7125883,
              18.3208776
            ],
            [
              82.7131462,
              18.3210813
            ],
            [
              82.7138757,
              18.3211831
            ],
            [
              82.7142191,
              18.3213053
            ],
            [
              82.7145624,
              18.3215498
            ],
            [
              82.7147555,
              18.3217739
            ],
            [
              82.7147555,
              18.3224257
            ],
            [
              82.7151632,
              18.322609
            ],
            [
              82.7156997,
              18.3225479
            ],
            [
              82.7160215,
              18.3225479
            ],
            [
              82.717191,
              18.3233321
            ],
            [
              82.7174538,
              18.3233831
            ],
            [
              82.7177972,
              18.3231539
            ],
            [
              82.718001,
              18.3230266
            ],
            [
              82.7182209,
              18.3229145
            ],
            [
              82.7185911,
              18.3228178
            ],
            [
              82.7191544,
              18.3228534
            ],
            [
              82.719664,
              18.323103
            ],
            [
              82.7201629,
              18.3233169
            ],
            [
              82.7206242,
              18.3234187
            ],
            [
              82.721048,
              18.3234645
            ],
            [
              82.7212143,
              18.3234594
            ],
            [
              82.7221477,
              18.3231895
            ],
            [
              82.7225983,
              18.3231743
            ],
            [
              82.7229953,
              18.3231743
            ],
            [
              82.7233869,
              18.3232405
            ],
            [
              82.7237302,
              18.3233932
            ],
            [
              82.7240145,
              18.3236428
            ],
            [
              82.7241433,
              18.3238516
            ],
            [
              82.7242774,
              18.3241062
            ],
            [
              82.7244383,
              18.3243608
            ],
            [
              82.7245992,
              18.3244932
            ],
            [
              82.7249962,
              18.3246714
            ],
            [
              82.7252161,
              18.324152
            ],
            [
              82.7253342,
              18.3238057
            ],
            [
              82.7254522,
              18.3236224
            ],
            [
              82.7255756,
              18.3234696
            ],
            [
              82.7261013,
              18.323159
            ],
            [
              82.7264821,
              18.3228382
            ],
            [
              82.7270186,
              18.3225835
            ],
            [
              82.7276301,
              18.3223748
            ],
            [
              82.7281344,
              18.3223238
            ],
            [
              82.7284884,
              18.3222169
            ],
            [
              82.7288961,
              18.3220794
            ],
            [
              82.7292395,
              18.3218044
            ],
            [
              82.7295828,
              18.3216211
            ],
            [
              82.7298886,
              18.3214887
            ],
            [
              82.7301514,
              18.3213664
            ],
            [
              82.7307254,
              18.3212595
            ],
            [
              82.7311975,
              18.3211933
            ],
            [
              82.7316427,
              18.3210914
            ],
            [
              82.7321684,
              18.3209234
            ],
            [
              82.7325332,
              18.3207452
            ],
            [
              82.7329034,
              18.3204905
            ],
            [
              82.7332306,
              18.3203327
            ],
            [
              82.7337778,
              18.3201748
            ],
            [
              82.7345771,
              18.3202766
            ],
            [
              82.7349257,
              18.3205924
            ],
            [
              82.7350706,
              18.3208114
            ],
            [
              82.7352583,
              18.3213104
            ],
            [
              82.7354085,
              18.3222169
            ],
            [
              82.7358752,
              18.3231386
            ],
            [
              82.7362132,
              18.3232914
            ],
            [
              82.7366745,
              18.3233525
            ],
            [
              82.737152,
              18.3232507
            ],
            [
              82.7383,
              18.323047
            ],
            [
              82.7388096,
              18.3228636
            ],
            [
              82.7391046,
              18.3227007
            ],
            [
              82.7393889,
              18.322497
            ],
            [
              82.7396572,
              18.3223646
            ],
            [
              82.7399576,
              18.3222882
            ],
            [
              82.7401882,
              18.3222271
            ],
            [
              82.7405369,
              18.3221914
            ],
            [
              82.7409393,
              18.32239
            ],
            [
              82.7412182,
              18.3226192
            ],
            [
              82.7413148,
              18.3229757
            ],
            [
              82.7413469,
              18.3233576
            ],
            [
              82.741304,
              18.3236682
            ],
            [
              82.7411914,
              18.3238465
            ],
            [
              82.7410036,
              18.324152
            ],
            [
              82.7403384,
              18.3249821
            ],
            [
              82.7399576,
              18.3254098
            ],
            [
              82.7398127,
              18.3256695
            ],
            [
              82.7393514,
              18.3258936
            ],
            [
              82.7389276,
              18.3261991
            ],
            [
              82.7386486,
              18.3264639
            ],
            [
              82.7383268,
              18.3269223
            ],
            [
              82.7385467,
              18.3274569
            ],
            [
              82.7388257,
              18.3276759
            ],
            [
              82.7396733,
              18.3279764
            ],
            [
              82.7408212,
              18.3282921
            ],
            [
              82.7412665,
              18.3284499
            ],
            [
              82.7416903,
              18.3286536
            ],
            [
              82.7420175,
              18.3288217
            ],
            [
              82.742157,
              18.3289999
            ],
            [
              82.7423233,
              18.3295346
            ],
            [
              82.7426559,
              18.3298961
            ],
            [
              82.7428919,
              18.3300489
            ],
            [
              82.7431977,
              18.3301508
            ],
            [
              82.7436268,
              18.3300591
            ],
            [
              82.7440935,
              18.3299573
            ],
            [
              82.7446139,
              18.3298045
            ],
            [
              82.7450591,
              18.3295804
            ],
            [
              82.7456117,
              18.3293513
            ],
            [
              82.7463627,
              18.3291425
            ],
            [
              82.746883,
              18.3291068
            ],
            [
              82.7472049,
              18.3290559
            ],
            [
              82.7476126,
              18.3290152
            ],
            [
              82.747913,
              18.3290559
            ],
            [
              82.7483261,
              18.3291832
            ],
            [
              82.7485782,
              18.3293666
            ],
            [
              82.7489215,
              18.3297077
            ],
            [
              82.7495867,
              18.3303188
            ],
            [
              82.7502841,
              18.3306091
            ],
            [
              82.7508044,
              18.3307465
            ],
            [
              82.7512443,
              18.3308077
            ],
            [
              82.751652,
              18.3308127
            ],
            [
              82.7520007,
              18.3307262
            ],
            [
              82.7525049,
              18.3305021
            ],
            [
              82.7536851,
              18.3301304
            ],
            [
              82.7546829,
              18.3300387
            ],
            [
              82.7550638,
              18.3300591
            ],
            [
              82.7553695,
              18.3302628
            ],
            [
              82.755627,
              18.3306651
            ],
            [
              82.7557021,
              18.3309808
            ],
            [
              82.755906,
              18.3318057
            ],
            [
              82.755965,
              18.3321622
            ],
            [
              82.7559972,
              18.3328751
            ],
            [
              82.7564049,
              18.333369
            ],
            [
              82.7568072,
              18.3336134
            ],
            [
              82.7573061,
              18.3337458
            ],
            [
              82.7576923,
              18.3337458
            ],
            [
              82.7581161,
              18.3336949
            ],
            [
              82.7588081,
              18.3334963
            ],
            [
              82.7592319,
              18.3334454
            ],
            [
              82.7594626,
              18.3337051
            ],
            [
              82.7594733,
              18.3340157
            ],
            [
              82.759366,
              18.3344231
            ],
            [
              82.7591836,
              18.3356095
            ],
            [
              82.7591032,
              18.3359965
            ],
            [
              82.7589583,
              18.3363275
            ],
            [
              82.7587384,
              18.3367451
            ],
            [
              82.7584004,
              18.3379162
            ],
            [
              82.7585077,
              18.3384153
            ],
            [
              82.7589691,
              18.3390467
            ],
            [
              82.7595377,
              18.3394235
            ],
            [
              82.7602351,
              18.3395253
            ],
            [
              82.7609968,
              18.3394336
            ],
            [
              82.7618551,
              18.3393013
            ],
            [
              82.7626169,
              18.3392096
            ],
            [
              82.7631426,
              18.3390467
            ],
            [
              82.7634537,
              18.3384254
            ],
            [
              82.7637005,
              18.3379264
            ],
            [
              82.7637863,
              18.3371728
            ],
            [
              82.763958,
              18.3367451
            ],
            [
              82.7641618,
              18.3363173
            ],
            [
              82.7644837,
              18.336022
            ],
            [
              82.7651167,
              18.3360729
            ],
            [
              82.7656424,
              18.3365312
            ],
            [
              82.7660823,
              18.3369691
            ],
            [
              82.7669942,
              18.3372237
            ],
            [
              82.7676058,
              18.3375598
            ],
            [
              82.7681315,
              18.3378348
            ],
            [
              82.768861,
              18.3377126
            ],
            [
              82.7691722,
              18.3374478
            ],
            [
              82.7700412,
              18.337071
            ],
            [
              82.7709317,
              18.3369386
            ],
            [
              82.7717364,
              18.3370913
            ],
            [
              82.7718544,
              18.3374274
            ],
            [
              82.7718007,
              18.3378857
            ],
            [
              82.7719295,
              18.3386597
            ],
            [
              82.7722514,
              18.3390874
            ],
            [
              82.7730238,
              18.3391994
            ],
            [
              82.7736032,
              18.3394642
            ],
            [
              82.7740216,
              18.3397799
            ],
            [
              82.7745473,
              18.3400141
            ],
            [
              82.7750945,
              18.3401363
            ],
            [
              82.7744937,
              18.3418167
            ],
            [
              82.7748585,
              18.3442404
            ],
            [
              82.7750945,
              18.3458698
            ],
            [
              82.7759743,
              18.347438
            ],
            [
              82.7772617,
              18.3494543
            ],
            [
              82.7784633,
              18.3505134
            ],
            [
              82.7794289,
              18.351491
            ],
            [
              82.7808022,
              18.3523056
            ],
            [
              82.7817678,
              18.3529777
            ],
            [
              82.7832699,
              18.3536498
            ],
            [
              82.7853298,
              18.3566232
            ],
            [
              82.7875614,
              18.3587209
            ],
            [
              82.7888059,
              18.3601465
            ],
            [
              82.7908015,
              18.3630791
            ],
            [
              82.7907586,
              18.3645657
            ],
            [
              82.7906084,
              18.3658691
            ],
            [
              82.790029,
              18.3670502
            ],
            [
              82.7894068,
              18.367987
            ],
            [
              82.789557,
              18.3700234
            ],
            [
              82.7891278,
              18.3714082
            ],
            [
              82.7886128,
              18.3724467
            ],
            [
              82.7880335,
              18.3747071
            ],
            [
              82.7865958,
              18.3765195
            ],
            [
              82.7858877,
              18.3781485
            ],
            [
              82.7845359,
              18.3804903
            ],
            [
              82.7839136,
              18.3811623
            ],
            [
              82.7833128,
              18.3816917
            ],
            [
              82.7831411,
              18.3819564
            ],
            [
              82.7845788,
              18.3829949
            ],
            [
              82.7871323,
              18.3831069
            ],
            [
              82.7890956,
              18.3844814
            ],
            [
              82.7905869,
              18.3849599
            ],
            [
              82.7916384,
              18.3852144
            ],
            [
              82.7932477,
              18.3856013
            ],
            [
              82.7939558,
              18.3859678
            ],
            [
              82.7941489,
              18.3863853
            ],
            [
              82.7937412,
              18.3871998
            ],
            [
              82.7937734,
              18.3879837
            ],
            [
              82.7941489,
              18.3884928
            ],
            [
              82.79387,
              18.390417
            ],
            [
              82.7931404,
              18.3923513
            ],
            [
              82.7925932,
              18.3936952
            ],
            [
              82.7920568,
              18.3948558
            ],
            [
              82.7916491,
              18.3956295
            ],
            [
              82.791574,
              18.3963014
            ],
            [
              82.7920246,
              18.3968715
            ],
            [
              82.7926147,
              18.3972991
            ],
            [
              82.7937949,
              18.3988669
            ],
            [
              82.7940094,
              18.3995286
            ],
            [
              82.7940202,
              18.4006485
            ],
            [
              82.7942347,
              18.4013611
            ],
            [
              82.7955115,
              18.4022264
            ],
            [
              82.7974212,
              18.4038043
            ],
            [
              82.7985048,
              18.4046696
            ],
            [
              82.7990305,
              18.4057691
            ],
            [
              82.7992773,
              18.407347
            ],
            [
              82.7977323,
              18.4082021
            ],
            [
              82.7962303,
              18.4083243
            ],
            [
              82.7940416,
              18.4085686
            ],
            [
              82.7924108,
              18.4085686
            ],
            [
              82.7906942,
              18.4088129
            ],
            [
              82.7895355,
              18.4093422
            ],
            [
              82.7889823,
              18.4097359
            ],
            [
              82.7883338,
              18.4101973
            ],
            [
              82.7878189,
              18.4115411
            ],
            [
              82.7879047,
              18.413862
            ],
            [
              82.7879476,
              18.4156129
            ],
            [
              82.787733,
              18.4169973
            ],
            [
              82.7871751,
              18.4182188
            ],
            [
              82.7866172,
              18.4196439
            ],
            [
              82.7855873,
              18.4208654
            ],
            [
              82.7842998,
              18.4215983
            ],
            [
              82.7835273,
              18.4229012
            ],
            [
              82.783184,
              18.426932
            ],
            [
              82.783184,
              18.4293342
            ],
            [
              82.7839565,
              18.431207
            ],
            [
              82.7856731,
              18.4325913
            ],
            [
              82.788763,
              18.4345048
            ],
            [
              82.7924966,
              18.437599
            ],
            [
              82.795372,
              18.439431
            ],
            [
              82.7969598,
              18.4408967
            ],
            [
              82.797389,
              18.4417516
            ],
            [
              82.7982473,
              18.4440722
            ],
            [
              82.7996635,
              18.4441943
            ],
            [
              82.8012943,
              18.4450085
            ],
            [
              82.8021955,
              18.4463927
            ],
            [
              82.802968,
              18.4484282
            ],
            [
              82.8037834,
              18.4494866
            ],
            [
              82.8055,
              18.4498123
            ],
            [
              82.8069365,
              18.450055
            ],
            [
              82.8086328,
              18.4503415
            ],
            [
              82.8118085,
              18.4505451
            ],
            [
              82.8148126,
              18.4506265
            ],
            [
              82.817173,
              18.4501787
            ],
            [
              82.8193616,
              18.4493238
            ],
            [
              82.8208637,
              18.4484689
            ],
            [
              82.8228378,
              18.4475325
            ],
            [
              82.8247261,
              18.4463927
            ],
            [
              82.8248548,
              18.4450085
            ],
            [
              82.8248119,
              18.4435429
            ],
            [
              82.825241,
              18.442688
            ],
            [
              82.8267002,
              18.4425658
            ],
            [
              82.8288889,
              18.4428915
            ],
            [
              82.8306055,
              18.4424844
            ],
            [
              82.8327941,
              18.4411409
            ],
            [
              82.8359699,
              18.4383725
            ],
            [
              82.8400468,
              18.4362148
            ],
            [
              82.8420209,
              18.4352377
            ],
            [
              82.8453254,
              18.4340163
            ],
            [
              82.8471279,
              18.432632
            ],
            [
              82.8482437,
              18.4305963
            ],
            [
              82.8490591,
              18.428927
            ],
            [
              82.8498315,
              18.4270541
            ],
            [
              82.8500461,
              18.4244891
            ],
            [
              82.8503465,
              18.422779
            ],
            [
              82.8508186,
              18.4213947
            ],
            [
              82.8514623,
              18.4207025
            ],
            [
              82.853136,
              18.4211097
            ],
            [
              82.8539514,
              18.4218018
            ],
            [
              82.8548955,
              18.4230233
            ],
            [
              82.856183,
              18.4244891
            ],
            [
              82.8594017,
              18.4235526
            ],
            [
              82.8621482,
              18.4226162
            ],
            [
              82.8644657,
              18.421639
            ],
            [
              82.8663969,
              18.4206618
            ],
            [
              82.8680706,
              18.4194403
            ],
            [
              82.8690147,
              18.4188295
            ],
            [
              82.8709459,
              18.4185038
            ],
            [
              82.8721475,
              18.4184631
            ],
            [
              82.8735208,
              18.4188703
            ],
            [
              82.8753662,
              18.4199696
            ],
            [
              82.8758812,
              18.4203361
            ],
            [
              82.8771686,
              18.4215575
            ],
            [
              82.8799152,
              18.4209468
            ],
            [
              82.8827047,
              18.4209875
            ],
            [
              82.8847646,
              18.421924
            ],
            [
              82.887125,
              18.4223719
            ],
            [
              82.8893566,
              18.4231455
            ],
            [
              82.8909015,
              18.4236341
            ],
            [
              82.8925323,
              18.4240819
            ],
            [
              82.8949785,
              18.4241226
            ],
            [
              82.8971672,
              18.4225754
            ],
            [
              82.897253,
              18.419196
            ],
            [
              82.8973388,
              18.4168344
            ],
            [
              82.8983688,
              18.4147171
            ],
            [
              82.8988838,
              18.4120704
            ],
            [
              82.8990984,
              18.4103602
            ],
            [
              82.8991413,
              18.4084871
            ],
            [
              82.8996992,
              18.4064512
            ],
            [
              82.8996992,
              18.4040487
            ],
            [
              82.8996563,
              18.4011575
            ],
            [
              82.8952955,
              18.3963139
            ],
            [
              82.893629,
              18.3948546
            ],
            [
              82.8927612,
              18.3928728
            ],
            [
              82.8903389,
              18.3904249
            ],
            [
              82.8892516,
              18.3886105
            ],
            [
              82.8890514,
              18.3857099
            ],
            [
              82.8898334,
              18.3823795
            ],
            [
              82.8908252,
              18.3815741
            ],
            [
              82.8916264,
              18.3795604
            ],
            [
              82.8918981,
              18.3776327
            ],
            [
              82.8913402,
              18.3752751
            ],
            [
              82.8944873,
              18.3743021
            ],
            [
              82.8985214,
              18.3749402
            ],
            [
              82.9006052,
              18.3740804
            ],
            [
              82.9039049,
              18.373302
            ],
            [
              82.9056501,
              18.3710258
            ],
            [
              82.9071712,
              18.3691252
            ],
            [
              82.9089307,
              18.3680572
            ],
            [
              82.9113149,
              18.3681386
            ],
            [
              82.9119539,
              18.3676091
            ],
            [
              82.9131221,
              18.3671928
            ],
            [
              82.9138088,
              18.3666452
            ],
            [
              82.9143381,
              18.3664054
            ],
            [
              82.9148865,
              18.3662107
            ],
            [
              82.915368,
              18.3662153
            ],
            [
              82.9163985,
              18.36638
            ],
            [
              82.9185022,
              18.3665766
            ],
            [
              82.9192767,
              18.3664736
            ],
            [
              82.9217148,
              18.3663222
            ],
            [
              82.9251718,
              18.3677042
            ],
            [
              82.9270792,
              18.367315
            ],
            [
              82.9298257,
              18.3656043
            ],
            [
              82.9320144,
              18.364301
            ],
            [
              82.9361697,
              18.3639711
            ],
            [
              82.9373627,
              18.3627708
            ],
            [
              82.9365588,
              18.3604672
            ],
            [
              82.9380287,
              18.3592382
            ],
            [
              82.9386065,
              18.358548
            ],
            [
              82.9412777,
              18.3578661
            ],
            [
              82.946545,
              18.35765
            ],
            [
              82.9497499,
              18.3578613
            ],
            [
              82.9527587,
              18.3582162
            ],
            [
              82.9555082,
              18.3586892
            ],
            [
              82.9574078,
              18.3592697
            ],
            [
              82.9598299,
              18.3606702
            ],
            [
              82.9617786,
              18.3605267
            ],
            [
              82.9632043,
              18.3602506
            ],
            [
              82.9643011,
              18.3599474
            ],
            [
              82.9648876,
              18.359617
            ],
            [
              82.9667759,
              18.3586395
            ],
            [
              82.9691362,
              18.359169
            ],
            [
              82.9709816,
              18.3601465
            ],
            [
              82.9727411,
              18.3607982
            ],
            [
              82.9751873,
              18.3619386
            ],
            [
              82.9776334,
              18.3629976
            ],
            [
              82.9791784,
              18.3638937
            ],
            [
              82.9811525,
              18.3650341
            ],
            [
              82.9827404,
              18.3659302
            ],
            [
              82.9839742,
              18.3663476
            ],
            [
              82.9841351,
              18.3666836
            ],
            [
              82.9840064,
              18.3671622
            ],
            [
              82.983588,
              18.3673149
            ],
            [
              82.9830515,
              18.3671215
            ],
            [
              82.9826116,
              18.3670095
            ],
            [
              82.9822791,
              18.3674982
            ],
            [
              82.9824936,
              18.3679564
            ],
            [
              82.9827618,
              18.3681193
            ],
            [
              82.9829013,
              18.3686386
            ],
            [
              82.9832661,
              18.3690154
            ],
            [
              82.9836953,
              18.3693412
            ],
            [
              82.983824,
              18.3697281
            ],
            [
              82.9839957,
              18.3703492
            ],
            [
              82.9841459,
              18.3709194
            ],
            [
              82.9841995,
              18.3713878
            ],
            [
              82.9842961,
              18.3719987
            ],
            [
              82.9848862,
              18.3729049
            ],
            [
              82.9850685,
              18.373526
            ],
            [
              82.9851758,
              18.3740351
            ],
            [
              82.9854011,
              18.3742998
            ],
            [
              82.9858088,
              18.3747682
            ],
            [
              82.9859698,
              18.3753078
            ],
            [
              82.9863238,
              18.3757558
            ],
            [
              82.9864955,
              18.3761733
            ],
            [
              82.9866242,
              18.3769369
            ],
            [
              82.9869461,
              18.3767129
            ],
            [
              82.9876757,
              18.3769471
            ],
            [
              82.9879868,
              18.3771813
            ],
            [
              82.9881585,
              18.3774358
            ],
            [
              82.9882014,
              18.3778329
            ],
            [
              82.9881263,
              18.3780467
            ],
            [
              82.9877078,
              18.3781282
            ],
            [
              82.9873216,
              18.3784743
            ],
            [
              82.9872894,
              18.3788409
            ],
            [
              82.9873109,
              18.3791871
            ],
            [
              82.9875791,
              18.3793907
            ],
            [
              82.9880941,
              18.3792176
            ],
            [
              82.9885125,
              18.378902
            ],
            [
              82.9889309,
              18.3789427
            ],
            [
              82.9893494,
              18.3796045
            ],
            [
              82.9896927,
              18.3801034
            ],
            [
              82.9902398,
              18.3806939
            ],
            [
              82.9906046,
              18.380867
            ],
            [
              82.9910445,
              18.3808466
            ],
            [
              82.9911303,
              18.380643
            ],
            [
              82.9912054,
              18.380195
            ],
            [
              82.9912591,
              18.3797267
            ],
            [
              82.9913771,
              18.3793194
            ],
            [
              82.9915702,
              18.378902
            ],
            [
              82.9919457,
              18.3785456
            ],
            [
              82.9923963,
              18.3786576
            ],
            [
              82.9928362,
              18.3789325
            ],
            [
              82.9930079,
              18.3793601
            ],
            [
              82.9932225,
              18.3797267
            ],
            [
              82.9935765,
              18.3800423
            ],
            [
              82.9936409,
              18.3802663
            ],
            [
              82.9936409,
              18.3805717
            ],
            [
              82.9936409,
              18.381091
            ],
            [
              82.99407,
              18.381427
            ],
            [
              82.9944563,
              18.3814983
            ],
            [
              82.9947889,
              18.3815186
            ],
            [
              82.9951107,
              18.3816001
            ],
            [
              82.9955828,
              18.3818546
            ],
            [
              82.9954541,
              18.38216
            ],
            [
              82.9953521,
              18.3823942
            ],
            [
              82.9954326,
              18.3826589
            ],
            [
              82.9954916,
              18.3830255
            ],
            [
              82.9954648,
              18.3833003
            ],
            [
              82.9954219,
              18.3836262
            ],
            [
              82.995497,
              18.3838858
            ],
            [
              82.9956955,
              18.3840843
            ],
            [
              82.9957813,
              18.3842828
            ],
            [
              82.9958296,
              18.3845883
            ],
            [
              82.9958939,
              18.3848683
            ],
            [
              82.9960602,
              18.3853468
            ],
            [
              82.9964894,
              18.3857388
            ],
            [
              82.9968703,
              18.3859067
            ],
            [
              82.9974657,
              18.3860187
            ],
            [
              82.9978627,
              18.3859984
            ],
            [
              82.998088,
              18.3858762
            ],
            [
              82.9982704,
              18.3857184
            ],
            [
              82.9984152,
              18.3855097
            ],
            [
              82.9985601,
              18.3852653
            ],
            [
              82.9986834,
              18.3849904
            ],
            [
              82.9988122,
              18.3847766
            ],
            [
              82.998957,
              18.3846494
            ],
            [
              82.999075,
              18.3845781
            ],
            [
              82.9998368,
              18.3842116
            ],
            [
              82.9999226,
              18.3839978
            ],
            [
              82.9999977,
              18.3838145
            ],
            [
              83.0001318,
              18.3834683
            ],
            [
              83.0003142,
              18.3832953
            ],
            [
              83.0006629,
              18.3831985
            ],
            [
              83.0011082,
              18.3831731
            ],
            [
              83.0014729,
              18.3831222
            ],
            [
              83.0018967,
              18.3830865
            ],
            [
              83.0023795,
              18.3830407
            ],
            [
              83.0028301,
              18.382944
            ],
            [
              83.0033022,
              18.382832
            ],
            [
              83.0037904,
              18.3828015
            ],
            [
              83.004123,
              18.3827709
            ],
            [
              83.0050671,
              18.3828422
            ],
            [
              83.0059361,
              18.3830865
            ],
            [
              83.0068481,
              18.3833156
            ],
            [
              83.0073148,
              18.3835702
            ],
            [
              83.0076581,
              18.3839265
            ],
            [
              83.0078834,
              18.3841352
            ],
            [
              83.0086505,
              18.3850363
            ],
            [
              83.0092835,
              18.3854588
            ],
            [
              83.0101365,
              18.3859475
            ],
            [
              83.0105656,
              18.3861053
            ],
            [
              83.0106837,
              18.3862427
            ],
            [
              83.0107105,
              18.3866092
            ],
            [
              83.0106515,
              18.3868587
            ],
            [
              83.0104101,
              18.3870674
            ],
            [
              83.0102706,
              18.387383
            ],
            [
              83.0103886,
              18.3876528
            ],
            [
              83.0106354,
              18.3876681
            ],
            [
              83.0110323,
              18.387775
            ],
            [
              83.0112523,
              18.3879175
            ],
            [
              83.011381,
              18.3880906
            ],
            [
              83.0115795,
              18.38862
            ],
            [
              83.0119282,
              18.3887473
            ],
            [
              83.0122018,
              18.3887473
            ],
            [
              83.012588,
              18.3885691
            ],
            [
              83.0129421,
              18.3883248
            ],
            [
              83.0132049,
              18.3881262
            ],
            [
              83.0137038,
              18.3876935
            ],
            [
              83.0145836,
              18.3871132
            ],
            [
              83.0150074,
              18.3868536
            ],
            [
              83.0152488,
              18.3868027
            ],
            [
              83.0154526,
              18.3868689
            ],
            [
              83.0156672,
              18.3870827
            ],
            [
              83.0158442,
              18.3874034
            ],
            [
              83.0160588,
              18.3875612
            ],
            [
              83.0163914,
              18.3875714
            ],
            [
              83.0166274,
              18.3875612
            ],
            [
              83.0169278,
              18.3876121
            ],
            [
              83.0172712,
              18.3877343
            ],
            [
              83.0179256,
              18.3883298
            ],
            [
              83.0181777,
              18.3887065
            ],
            [
              83.0183923,
              18.3890018
            ],
            [
              83.0186659,
              18.3889254
            ],
            [
              83.018918,
              18.3886811
            ],
            [
              83.0199265,
              18.3886964
            ],
            [
              83.0205917,
              18.3893785
            ],
            [
              83.0206561,
              18.3900403
            ],
            [
              83.0206561,
              18.3907122
            ],
            [
              83.0208385,
              18.3914961
            ],
            [
              83.0223405,
              18.3912009
            ],
            [
              83.0232203,
              18.3901624
            ],
            [
              83.0238211,
              18.3894701
            ],
            [
              83.0245292,
              18.3888389
            ],
            [
              83.0247867,
              18.3881161
            ],
            [
              83.0251622,
              18.3874848
            ],
            [
              83.0256557,
              18.3871285
            ],
            [
              83.0269325,
              18.3867314
            ],
            [
              83.0281556,
              18.3864158
            ],
            [
              83.0291426,
              18.3858762
            ],
            [
              83.0301297,
              18.3851941
            ],
            [
              83.0308807,
              18.3846646
            ],
            [
              83.0316102,
              18.3841759
            ],
            [
              83.0323505,
              18.3836771
            ],
            [
              83.0332732,
              18.383392
            ],
            [
              83.0341315,
              18.3831884
            ],
            [
              83.0355155,
              18.3831171
            ],
            [
              83.0381012,
              18.3830356
            ],
            [
              83.040086,
              18.3826691
            ],
            [
              83.040601,
              18.3823128
            ],
            [
              83.0410838,
              18.3813761
            ],
            [
              83.0428648,
              18.3793907
            ],
            [
              83.0434549,
              18.3788816
            ],
            [
              83.0444419,
              18.3786474
            ],
            [
              83.0452573,
              18.3785558
            ],
            [
              83.046298,
              18.3789427
            ],
            [
              83.047564,
              18.3798794
            ],
            [
              83.0488515,
              18.3800627
            ],
            [
              83.0505037,
              18.3797165
            ],
            [
              83.0515766,
              18.3792278
            ],
            [
              83.0531215,
              18.3793092
            ],
            [
              83.0544734,
              18.3798387
            ],
            [
              83.0557179,
              18.3805921
            ],
            [
              83.0567693,
              18.381203
            ],
            [
              83.0573058,
              18.3816917
            ],
            [
              83.0597734,
              18.3838909
            ],
            [
              83.0621552,
              18.3861307
            ],
            [
              83.0626702,
              18.3887778
            ],
            [
              83.0639791,
              18.3903253
            ],
            [
              83.0663609,
              18.3925855
            ],
            [
              83.0710816,
              18.3966985
            ],
            [
              83.0726909,
              18.3980016
            ],
            [
              83.0733561,
              18.3989382
            ],
            [
              83.0762744,
              18.4017276
            ],
            [
              83.0768108,
              18.4023995
            ],
            [
              83.0770469,
              18.4029899
            ],
            [
              83.0771327,
              18.4033157
            ],
            [
              83.0767679,
              18.405311
            ],
            [
              83.073855,
              18.4063124
            ],
            [
              83.0714786,
              18.4074589
            ],
            [
              83.0702555,
              18.4080086
            ],
            [
              83.0693113,
              18.4084871
            ],
            [
              83.0670583,
              18.4087416
            ],
            [
              83.0642902,
              18.4093626
            ],
            [
              83.0637216,
              18.4098614
            ],
            [
              83.0625844,
              18.4126913
            ],
            [
              83.0620372,
              18.4135566
            ],
            [
              83.0608034,
              18.4145338
            ],
            [
              83.060106,
              18.4151649
            ],
            [
              83.0594301,
              18.4162338
            ],
            [
              83.0591458,
              18.417888
            ],
            [
              83.0588668,
              18.4185139
            ],
            [
              83.0580139,
              18.4189517
            ],
            [
              83.0577457,
              18.419145
            ],
            [
              83.0585289,
              18.4200103
            ],
            [
              83.059296,
              18.4206668
            ],
            [
              83.0598861,
              18.4207788
            ],
            [
              83.0607927,
              18.4208144
            ],
            [
              83.0619621,
              18.4213336
            ],
            [
              83.062976,
              18.4222243
            ],
            [
              83.0636305,
              18.4223565
            ],
            [
              83.0647838,
              18.4224227
            ],
            [
              83.065449,
              18.4229011
            ],
            [
              83.0661034,
              18.4240717
            ],
            [
              83.0669939,
              18.4253848
            ],
            [
              83.0672085,
              18.4266775
            ],
            [
              83.0672192,
              18.4290491
            ],
            [
              83.0672621,
              18.430006
            ],
            [
              83.0658996,
              18.4306981
            ],
            [
              83.0647194,
              18.4312477
            ],
            [
              83.0639684,
              18.4316345
            ],
            [
              83.0633783,
              18.432011
            ],
            [
              83.0629921,
              18.4325709
            ],
            [
              83.0622303,
              18.43366
            ],
            [
              83.0613398,
              18.4349119
            ],
            [
              83.0607712,
              18.4357974
            ],
            [
              83.0601704,
              18.4369272
            ],
            [
              83.059591,
              18.4369069
            ],
            [
              83.0584001,
              18.436398
            ],
            [
              83.0565226,
              18.4353089
            ],
            [
              83.0551708,
              18.4347084
            ],
            [
              83.0524349,
              18.4340569
            ],
            [
              83.0501818,
              18.433263
            ],
            [
              83.0491519,
              18.4314717
            ],
            [
              83.0483794,
              18.4302095
            ],
            [
              83.0470704,
              18.4280517
            ],
            [
              83.046019,
              18.4268098
            ],
            [
              83.0443025,
              18.4254052
            ],
            [
              83.0426287,
              18.4243669
            ],
            [
              83.0429721,
              18.4259345
            ],
            [
              83.0423069,
              18.4267488
            ],
            [
              83.0410194,
              18.4286624
            ],
            [
              83.0399894,
              18.4304538
            ],
            [
              83.038702,
              18.4329373
            ],
            [
              83.0378866,
              18.4344641
            ],
            [
              83.0384231,
              18.4355837
            ],
            [
              83.0392384,
              18.4372936
            ],
            [
              83.0402255,
              18.4392682
            ],
            [
              83.0411696,
              18.4409577
            ],
            [
              83.0382299,
              18.4418127
            ],
            [
              83.036685,
              18.4426269
            ],
            [
              83.0361485,
              18.4444792
            ],
            [
              83.0358052,
              18.4455377
            ],
            [
              83.0350327,
              18.4464945
            ],
            [
              83.0334019,
              18.4476343
            ],
            [
              83.0322647,
              18.44796
            ],
            [
              83.0308485,
              18.4479193
            ],
            [
              83.0286813,
              18.4475122
            ],
            [
              83.0271578,
              18.4474715
            ],
            [
              83.025763,
              18.4477564
            ],
            [
              83.0246472,
              18.4483264
            ],
            [
              83.0238533,
              18.4496901
            ],
            [
              83.0228448,
              18.4510743
            ],
            [
              83.0220294,
              18.4528655
            ],
            [
              83.0216002,
              18.4540053
            ],
            [
              83.0211282,
              18.4558575
            ],
            [
              83.0215788,
              18.4568956
            ],
            [
              83.0226517,
              18.4583814
            ],
            [
              83.0264496,
              18.4618619
            ],
            [
              83.0289602,
              18.4643653
            ],
            [
              83.0307412,
              18.4662378
            ],
            [
              83.0331015,
              18.4670723
            ],
            [
              83.0356121,
              18.4677846
            ],
            [
              83.0373072,
              18.4682527
            ],
            [
              83.0385089,
              18.4696571
            ],
            [
              83.0400538,
              18.4713667
            ],
            [
              83.0435085,
              18.47503
            ],
            [
              83.0471992,
              18.4788968
            ],
            [
              83.0514049,
              18.4822751
            ],
            [
              83.05516,
              18.4855312
            ],
            [
              83.055911,
              18.4872203
            ],
            [
              83.0561256,
              18.4890721
            ],
            [
              83.0559754,
              18.4912903
            ],
            [
              83.0555033,
              18.4934067
            ],
            [
              83.0552244,
              18.4956451
            ],
            [
              83.0580139,
              18.4968254
            ],
            [
              83.0582714,
              18.4977207
            ],
            [
              83.0591512,
              18.5005899
            ],
            [
              83.0605888,
              18.5021872
            ],
            [
              83.0613184,
              18.5020754
            ],
            [
              83.062756,
              18.5019533
            ],
            [
              83.0638182,
              18.5021059
            ],
            [
              83.0654168,
              18.5037846
            ],
            [
              83.066554,
              18.5056567
            ],
            [
              83.0675626,
              18.5072235
            ],
            [
              83.069601,
              18.50936
            ],
            [
              83.0714249,
              18.5106216
            ],
            [
              83.0748582,
              18.5142027
            ],
            [
              83.0753946,
              18.5155659
            ],
            [
              83.0755448,
              18.5173361
            ],
            [
              83.0759096,
              18.5194929
            ],
            [
              83.0758881,
              18.5208154
            ],
            [
              83.0756092,
              18.5219955
            ],
            [
              83.07621,
              18.5225652
            ],
            [
              83.076725,
              18.5232773
            ],
            [
              83.0768323,
              18.5241928
            ],
            [
              83.0770254,
              18.5254136
            ],
            [
              83.0776262,
              18.526675
            ],
            [
              83.0786562,
              18.5273668
            ],
            [
              83.0796647,
              18.5281399
            ],
            [
              83.0818963,
              18.530561
            ],
            [
              83.0830121,
              18.5310086
            ],
            [
              83.0839133,
              18.5313952
            ],
            [
              83.0846214,
              18.5328193
            ],
            [
              83.085823,
              18.5343859
            ],
            [
              83.0866813,
              18.5354031
            ],
            [
              83.0874538,
              18.5364305
            ],
            [
              83.0879259,
              18.537051
            ],
            [
              83.0885589,
              18.537936
            ],
            [
              83.0889237,
              18.5385971
            ],
            [
              83.0895674,
              18.5393092
            ],
            [
              83.0902326,
              18.5395635
            ],
            [
              83.0908871,
              18.5395432
            ],
            [
              83.0915737,
              18.5394109
            ],
            [
              83.0921638,
              18.5394007
            ],
            [
              83.0930757,
              18.5395533
            ],
            [
              83.0935156,
              18.539828
            ],
            [
              83.0936551,
              18.5401738
            ],
            [
              83.0938697,
              18.5408553
            ],
            [
              83.0937409,
              18.5415267
            ],
            [
              83.0936444,
              18.5422896
            ],
            [
              83.0937838,
              18.5428287
            ],
            [
              83.0944598,
              18.5436933
            ],
            [
              83.0948889,
              18.5441612
            ],
            [
              83.0950606,
              18.5448224
            ],
            [
              83.0951464,
              18.5452089
            ],
            [
              83.0951786,
              18.5461447
            ],
            [
              83.0949533,
              18.5469788
            ],
            [
              83.0946958,
              18.5476908
            ],
            [
              83.0944598,
              18.5480976
            ],
            [
              83.0940628,
              18.5485554
            ],
            [
              83.09358,
              18.5491758
            ],
            [
              83.0930436,
              18.5494606
            ],
            [
              83.0926466,
              18.5497454
            ],
            [
              83.0924213,
              18.5503049
            ],
            [
              83.092035,
              18.5509762
            ],
            [
              83.0915737,
              18.5511694
            ],
            [
              83.0909192,
              18.5515763
            ],
            [
              83.0906188,
              18.5521764
            ],
            [
              83.090179,
              18.5525324
            ],
            [
              83.0897176,
              18.5527053
            ],
            [
              83.0890953,
              18.5529392
            ],
            [
              83.0881297,
              18.5529596
            ],
            [
              83.0874538,
              18.5529799
            ],
            [
              83.0867457,
              18.5527663
            ],
            [
              83.0860805,
              18.5521052
            ],
            [
              83.0855012,
              18.5517797
            ],
            [
              83.0844605,
              18.5516271
            ],
            [
              83.0837095,
              18.5516271
            ],
            [
              83.0831623,
              18.5519424
            ],
            [
              83.0825937,
              18.5525019
            ],
            [
              83.0819607,
              18.5532647
            ],
            [
              83.0815637,
              18.5538648
            ],
            [
              83.0808341,
              18.5527968
            ],
            [
              83.0803728,
              18.5522679
            ],
            [
              83.0798471,
              18.5511796
            ],
            [
              83.0790639,
              18.5503761
            ],
            [
              83.0779588,
              18.5501726
            ],
            [
              83.0774116,
              18.5505388
            ],
            [
              83.0766177,
              18.5507524
            ],
            [
              83.0759203,
              18.5504574
            ],
            [
              83.0745792,
              18.5503049
            ],
            [
              83.0732703,
              18.5501319
            ],
            [
              83.0715752,
              18.5490843
            ],
            [
              83.0709314,
              18.5485248
            ],
            [
              83.0703843,
              18.5476501
            ],
            [
              83.0689895,
              18.5472534
            ],
            [
              83.0676806,
              18.5464905
            ],
            [
              83.0665648,
              18.5456615
            ],
            [
              83.0648696,
              18.5450665
            ],
            [
              83.0637753,
              18.5436933
            ],
            [
              83.0621767,
              18.5421472
            ],
            [
              83.0607176,
              18.5419844
            ],
            [
              83.0596983,
              18.5419132
            ],
            [
              83.0587113,
              18.5420658
            ],
            [
              83.057735,
              18.5424727
            ],
            [
              83.0569088,
              18.5431542
            ],
            [
              83.055675,
              18.543795
            ],
            [
              83.0542052,
              18.5440798
            ],
            [
              83.0526495,
              18.5441612
            ],
            [
              83.0507612,
              18.5439374
            ],
            [
              83.050729,
              18.5429914
            ],
            [
              83.0504072,
              18.5435102
            ],
            [
              83.0499887,
              18.5437848
            ],
            [
              83.0493021,
              18.5441714
            ],
            [
              83.048594,
              18.5443748
            ],
            [
              83.0480575,
              18.5445477
            ],
            [
              83.0473602,
              18.5445376
            ],
            [
              83.0462122,
              18.5443138
            ],
            [
              83.0453217,
              18.5438866
            ],
            [
              83.0450535,
              18.5443341
            ],
            [
              83.0448711,
              18.5446698
            ],
            [
              83.0449462,
              18.5451784
            ],
            [
              83.0451715,
              18.5459209
            ],
            [
              83.04515,
              18.5463583
            ],
            [
              83.0447531,
              18.546755
            ],
            [
              83.0442059,
              18.5470296
            ],
            [
              83.0432188,
              18.5471619
            ],
            [
              83.0414808,
              18.5501828
            ],
            [
              83.0406761,
              18.5514949
            ],
            [
              83.0391526,
              18.5542818
            ],
            [
              83.0383909,
              18.5558889
            ],
            [
              83.0375755,
              18.5580146
            ],
            [
              83.0370498,
              18.5595402
            ],
            [
              83.0359661,
              18.5620016
            ],
            [
              83.0348182,
              18.5653477
            ],
            [
              83.0325651,
              18.5707685
            ],
            [
              83.0317819,
              18.5717652
            ],
            [
              83.0305052,
              18.5729551
            ],
            [
              83.0299044,
              18.5735348
            ],
            [
              83.0302155,
              18.5743484
            ],
            [
              83.0306554,
              18.5750501
            ],
            [
              83.0307197,
              18.5753044
            ],
            [
              83.0307841,
              18.5760671
            ],
            [
              83.0308163,
              18.5771451
            ],
            [
              83.0310738,
              18.5775722
            ],
            [
              83.0318785,
              18.5784875
            ],
            [
              83.0329299,
              18.5793621
            ],
            [
              83.0341637,
              18.5799316
            ],
            [
              83.0354619,
              18.5803384
            ],
            [
              83.0370712,
              18.580735
            ],
            [
              83.0376184,
              18.5809893
            ],
            [
              83.0379295,
              18.5814469
            ],
            [
              83.0382299,
              18.5821079
            ],
            [
              83.0385196,
              18.5837452
            ],
            [
              83.0388307,
              18.5846503
            ],
            [
              83.0392921,
              18.585596
            ],
            [
              83.0401933,
              18.5865418
            ],
            [
              83.0409121,
              18.5869485
            ],
            [
              83.0421567,
              18.5872841
            ],
            [
              83.043412,
              18.5872028
            ],
            [
              83.0448818,
              18.5868977
            ],
            [
              83.0458581,
              18.5867858
            ],
            [
              83.0471563,
              18.5865519
            ],
            [
              83.0480254,
              18.5865113
            ],
            [
              83.0484545,
              18.5867757
            ],
            [
              83.0492699,
              18.5873553
            ],
            [
              83.0499029,
              18.5878536
            ],
            [
              83.0507827,
              18.5882197
            ],
            [
              83.0515122,
              18.5882705
            ],
            [
              83.0523169,
              18.5880773
            ],
            [
              83.0531108,
              18.5881587
            ],
            [
              83.0532932,
              18.5887281
            ],
            [
              83.0533361,
              18.5916263
            ],
            [
              83.0530786,
              18.5962836
            ],
            [
              83.0528963,
              18.5997613
            ],
            [
              83.0525958,
              18.6010323
            ],
            [
              83.0509758,
              18.599863
            ],
            [
              83.0503535,
              18.5994562
            ],
            [
              83.0494523,
              18.5991003
            ],
            [
              83.0485403,
              18.5988258
            ],
            [
              83.0476284,
              18.5983885
            ],
            [
              83.0469096,
              18.5989173
            ],
            [
              83.0462766,
              18.5995579
            ],
            [
              83.045547,
              18.5996799
            ],
            [
              83.0445868,
              18.5991308
            ],
            [
              83.0441737,
              18.598963
            ],
            [
              83.0436587,
              18.5985512
            ],
            [
              83.043192,
              18.5983224
            ],
            [
              83.0427414,
              18.5982309
            ],
            [
              83.0421728,
              18.5978801
            ],
            [
              83.0416954,
              18.5974734
            ],
            [
              83.0411214,
              18.5970463
            ],
            [
              83.0402738,
              18.5965582
            ],
            [
              83.039791,
              18.5961616
            ],
            [
              83.0393887,
              18.5957193
            ],
            [
              83.0388147,
              18.5954803
            ],
            [
              83.0382943,
              18.5953379
            ],
            [
              83.0372965,
              18.5951752
            ],
            [
              83.0364221,
              18.595038
            ],
            [
              83.0358911,
              18.5949312
            ],
            [
              83.0354512,
              18.5947176
            ],
            [
              83.0352741,
              18.5944634
            ],
            [
              83.0349094,
              18.594255
            ],
            [
              83.034448,
              18.5942499
            ],
            [
              83.033815,
              18.5944278
            ],
            [
              83.0331176,
              18.5944431
            ],
            [
              83.0325705,
              18.5943109
            ],
            [
              83.0321145,
              18.5938991
            ],
            [
              83.0316263,
              18.5933652
            ],
            [
              83.0312777,
              18.5932025
            ],
            [
              83.0306661,
              18.5929584
            ],
            [
              83.0299687,
              18.5928008
            ],
            [
              83.02903,
              18.5928974
            ],
            [
              83.0283487,
              18.5928466
            ],
            [
              83.0277801,
              18.59275
            ],
            [
              83.0275226,
              18.5924754
            ],
            [
              83.0274635,
              18.5918805
            ],
            [
              83.027088,
              18.5911077
            ],
            [
              83.026852,
              18.5910009
            ],
            [
              83.0265731,
              18.5907111
            ],
            [
              83.0263799,
              18.5904823
            ],
            [
              83.0261761,
              18.5901264
            ],
            [
              83.0259132,
              18.5899128
            ],
            [
              83.0253553,
              18.5898264
            ],
            [
              83.024894,
              18.5897349
            ],
            [
              83.0244863,
              18.5896078
            ],
            [
              83.0242342,
              18.5894145
            ],
            [
              83.0240679,
              18.5895264
            ],
            [
              83.0238318,
              18.5897857
            ],
            [
              83.0236763,
              18.5902433
            ],
            [
              83.0234134,
              18.5907569
            ],
            [
              83.0228904,
              18.5910568
            ],
            [
              83.0227858,
              18.5911534
            ],
            [
              83.0226919,
              18.5913873
            ],
            [
              83.022539,
              18.5916594
            ],
            [
              83.0224022,
              18.591817
            ],
            [
              83.0220777,
              18.5919339
            ],
            [
              83.0218497,
              18.5920509
            ],
            [
              83.0215412,
              18.5922441
            ],
            [
              83.0211309,
              18.5922949
            ],
            [
              83.0208546,
              18.5923839
            ],
            [
              83.0204979,
              18.5925924
            ],
            [
              83.0201304,
              18.5928059
            ],
            [
              83.0196449,
              18.5931237
            ],
            [
              83.0192801,
              18.5934516
            ],
            [
              83.0190414,
              18.5935736
            ],
            [
              83.0187142,
              18.5935228
            ],
            [
              83.018285,
              18.5935635
            ],
            [
              83.0177915,
              18.5935991
            ],
            [
              83.0173919,
              18.5938024
            ],
            [
              83.0168956,
              18.5939346
            ],
            [
              83.0164075,
              18.5939143
            ],
            [
              83.0154312,
              18.5937008
            ],
            [
              83.0147445,
              18.5936398
            ],
            [
              83.0139828,
              18.5937109
            ],
            [
              83.0136502,
              18.5940668
            ],
            [
              83.0131888,
              18.5949414
            ],
            [
              83.0127275,
              18.5969649
            ],
            [
              83.0123627,
              18.5984495
            ],
            [
              83.0125344,
              18.5999138
            ],
            [
              83.0130815,
              18.6006968
            ],
            [
              83.0139398,
              18.6012357
            ],
            [
              83.0147445,
              18.6019678
            ],
            [
              83.0150342,
              18.6047743
            ],
            [
              83.0150664,
              18.6054454
            ],
            [
              83.0139828,
              18.6058216
            ],
            [
              83.0109787,
              18.6064927
            ],
            [
              83.0075025,
              18.6072349
            ],
            [
              83.0035865,
              18.6076213
            ],
            [
              83.0018055,
              18.6075501
            ],
            [
              83.0006468,
              18.6078654
            ],
            [
              83.0003357,
              18.6084246
            ],
            [
              83.0001211,
              18.6116275
            ],
            [
              82.999692,
              18.6142101
            ],
            [
              82.9993808,
              18.6172298
            ],
            [
              82.9993915,
              18.6185211
            ],
            [
              82.9997134,
              18.6196395
            ],
            [
              83.0002606,
              18.6201783
            ],
            [
              83.0011296,
              18.6205952
            ],
            [
              83.0025566,
              18.6210425
            ],
            [
              83.0047452,
              18.6214696
            ],
            [
              83.0057967,
              18.6216729
            ],
            [
              83.0066657,
              18.6229743
            ],
            [
              83.0076098,
              18.6245095
            ],
            [
              83.0085111,
              18.6262887
            ],
            [
              83.0089402,
              18.6269293
            ],
            [
              83.0103242,
              18.6279764
            ],
            [
              83.0120838,
              18.6298979
            ],
            [
              83.0143261,
              18.6317279
            ],
            [
              83.0154526,
              18.6330191
            ],
            [
              83.0167723,
              18.6336901
            ],
            [
              83.018918,
              18.634727
            ],
            [
              83.0197227,
              18.6351337
            ],
            [
              83.0184567,
              18.6370551
            ],
            [
              83.0172229,
              18.6386512
            ],
            [
              83.0159676,
              18.6399321
            ],
            [
              83.0149054,
              18.6416604
            ],
            [
              83.0143797,
              18.6436021
            ],
            [
              83.0134034,
              18.6452489
            ],
            [
              83.0133176,
              18.645869
            ],
            [
              83.0134356,
              18.6462858
            ],
            [
              83.0151629,
              18.6481461
            ],
            [
              83.0164826,
              18.6494981
            ],
            [
              83.0168903,
              18.6501894
            ],
            [
              83.018682,
              18.650413
            ],
            [
              83.0214071,
              18.6509213
            ],
            [
              83.0226302,
              18.6511958
            ],
            [
              83.0234456,
              18.6528832
            ],
            [
              83.0242717,
              18.6537676
            ],
            [
              83.0248618,
              18.6543877
            ],
            [
              83.0257094,
              18.6545605
            ],
            [
              83.0269432,
              18.654469
            ],
            [
              83.0278766,
              18.6548044
            ],
            [
              83.0289709,
              18.6555058
            ],
            [
              83.0301082,
              18.6556685
            ],
            [
              83.0316102,
              18.6559328
            ],
            [
              83.0345929,
              18.6562987
            ],
            [
              83.0365133,
              18.656807
            ],
            [
              83.038305,
              18.6576913
            ],
            [
              83.040086,
              18.6582301
            ],
            [
              83.0408156,
              18.6582809
            ],
            [
              83.0424464,
              18.6582606
            ],
            [
              83.0434012,
              18.6582911
            ],
            [
              83.0456006,
              18.6590229
            ],
            [
              83.0471349,
              18.659704
            ],
            [
              83.0489802,
              18.660446
            ],
            [
              83.0501175,
              18.6614218
            ],
            [
              83.0520916,
              18.6622757
            ],
            [
              83.0534649,
              18.6627534
            ],
            [
              83.0548382,
              18.6637394
            ],
            [
              83.0556965,
              18.6645627
            ],
            [
              83.0567264,
              18.6649896
            ],
            [
              83.0580246,
              18.6654064
            ],
            [
              83.0583572,
              18.6671547
            ],
            [
              83.0590546,
              18.6699194
            ],
            [
              83.0595481,
              18.6723893
            ],
            [
              83.0603313,
              18.6754487
            ],
            [
              83.0608678,
              18.6783454
            ],
            [
              83.0615652,
              18.6804899
            ],
            [
              83.06252,
              18.6831731
            ],
            [
              83.0630243,
              18.6841284
            ],
            [
              83.0643546,
              18.6858765
            ],
            [
              83.066082,
              18.6880007
            ],
            [
              83.0673051,
              18.6898402
            ],
            [
              83.0690324,
              18.6917508
            ],
            [
              83.06988,
              18.6933566
            ],
            [
              83.0713498,
              18.6953078
            ],
            [
              83.0722189,
              18.6964054
            ],
            [
              83.0729055,
              18.6974115
            ],
            [
              83.0733347,
              18.6987428
            ],
            [
              83.0737424,
              18.6998302
            ],
            [
              83.0745792,
              18.7007042
            ],
            [
              83.0750084,
              18.701446
            ],
            [
              83.0736136,
              18.7012428
            ],
            [
              83.0723476,
              18.7012529
            ],
            [
              83.0716395,
              18.701446
            ],
            [
              83.0713498,
              18.7017509
            ],
            [
              83.0719292,
              18.7026655
            ],
            [
              83.0721652,
              18.7033057
            ],
            [
              83.0722296,
              18.7040984
            ],
            [
              83.0724764,
              18.705013
            ],
            [
              83.0728304,
              18.7055719
            ],
            [
              83.0739355,
              18.7067507
            ],
            [
              83.0750513,
              18.7078177
            ],
            [
              83.0759632,
              18.7092709
            ],
            [
              83.0766928,
              18.7101143
            ],
            [
              83.0781627,
              18.7112524
            ],
            [
              83.0797505,
              18.7128072
            ],
            [
              83.0815101,
              18.7144432
            ],
            [
              83.0828082,
              18.7154085
            ],
            [
              83.0846536,
              18.7164857
            ],
            [
              83.0864882,
              18.7174713
            ],
            [
              83.0879366,
              18.7187313
            ],
            [
              83.0895889,
              18.7204283
            ],
            [
              83.0913484,
              18.722176
            ],
            [
              83.0928612,
              18.7238932
            ],
            [
              83.0937624,
              18.7252141
            ],
            [
              83.094331,
              18.7264233
            ],
            [
              83.0947602,
              18.7284555
            ],
            [
              83.0949747,
              18.7299999
            ],
            [
              83.0948782,
              18.7308026
            ],
            [
              83.0948353,
              18.7313106
            ],
            [
              83.0964875,
              18.7313716
            ],
            [
              83.0983114,
              18.7313106
            ],
            [
              83.1000495,
              18.731717
            ],
            [
              83.1015301,
              18.7323876
            ],
            [
              83.1028604,
              18.7339727
            ],
            [
              83.1040835,
              18.736594
            ],
            [
              83.1044054,
              18.7384229
            ],
            [
              83.1049204,
              18.7396421
            ],
            [
              83.1060791,
              18.7416131
            ],
            [
              83.1067872,
              18.7435638
            ],
            [
              83.1071305,
              18.7459819
            ],
            [
              83.1075382,
              18.7470181
            ],
            [
              83.1092119,
              18.7485014
            ],
            [
              83.1103062,
              18.7500254
            ],
            [
              83.1110787,
              18.7512242
            ],
            [
              83.1127524,
              18.7527481
            ],
            [
              83.1138575,
              18.753571
            ],
            [
              83.1159174,
              18.7545463
            ],
            [
              83.1175911,
              18.7553895
            ],
            [
              83.1189,
              18.7567609
            ],
            [
              83.1196403,
              18.7570657
            ],
            [
              83.1206596,
              18.7571978
            ],
            [
              83.1217861,
              18.7573502
            ],
            [
              83.1225157,
              18.7576753
            ],
            [
              83.1231272,
              18.7590162
            ],
            [
              83.12361,
              18.7602963
            ],
            [
              83.1235027,
              18.7613325
            ],
            [
              83.1229448,
              18.7627953
            ],
            [
              83.1222582,
              18.7642277
            ],
            [
              83.1212389,
              18.7658632
            ],
            [
              83.1200802,
              18.7667775
            ],
            [
              83.1188893,
              18.7673463
            ],
            [
              83.1174838,
              18.7677425
            ],
            [
              83.1159925,
              18.768027
            ],
            [
              83.115145,
              18.7680168
            ],
            [
              83.1164431,
              18.7690529
            ],
            [
              83.1177306,
              18.7699164
            ],
            [
              83.1195652,
              18.7717449
            ],
            [
              83.1210029,
              18.7730756
            ],
            [
              83.1221294,
              18.7741523
            ],
            [
              83.1234383,
              18.774772
            ],
            [
              83.1256592,
              18.7756557
            ],
            [
              83.1269789,
              18.7764277
            ],
            [
              83.1278479,
              18.7772403
            ],
            [
              83.1292534,
              18.7786523
            ],
            [
              83.1304228,
              18.7798103
            ],
            [
              83.1322038,
              18.7805619
            ],
            [
              83.1338024,
              18.7814456
            ],
            [
              83.1356048,
              18.7829083
            ],
            [
              83.1368387,
              18.7839647
            ],
            [
              83.1383514,
              18.785082
            ],
            [
              83.1391024,
              18.7853055
            ],
            [
              83.1405401,
              18.783985
            ],
            [
              83.1411517,
              18.783213
            ],
            [
              83.142643,
              18.7820246
            ],
            [
              83.1431687,
              18.7816285
            ],
            [
              83.1442737,
              18.7811003
            ],
            [
              83.1449604,
              18.7809174
            ],
            [
              83.1465697,
              18.7790891
            ],
            [
              83.1475139,
              18.778439
            ],
            [
              83.1492519,
              18.7778498
            ],
            [
              83.1505287,
              18.7772403
            ],
            [
              83.1515586,
              18.7763972
            ],
            [
              83.1519234,
              18.7755948
            ],
            [
              83.1516981,
              18.7739797
            ],
            [
              83.1520843,
              18.7730553
            ],
            [
              83.1526959,
              18.7723341
            ],
            [
              83.1539512,
              18.7709018
            ],
            [
              83.154906,
              18.7695101
            ],
            [
              83.1561613,
              18.7683419
            ],
            [
              83.1578457,
              18.7675292
            ],
            [
              83.1597662,
              18.7669298
            ],
            [
              83.161515,
              18.7667165
            ],
            [
              83.1641865,
              18.7669298
            ],
            [
              83.1644976,
              18.767712
            ],
            [
              83.1647444,
              18.7686974
            ],
            [
              83.1655919,
              18.7689514
            ],
            [
              83.1677163,
              18.7692764
            ],
            [
              83.1703448,
              18.7697539
            ],
            [
              83.1721258,
              18.7701196
            ],
            [
              83.1731129,
              18.7704751
            ],
            [
              83.1745505,
              18.7710846
            ],
            [
              83.1751835,
              18.7711862
            ],
            [
              83.1766856,
              18.7710744
            ],
            [
              83.1778335,
              18.7709119
            ],
            [
              83.1787423,
              18.7702566
            ],
            [
              83.183198,
              18.7656093
            ],
            [
              83.1852793,
              18.7629274
            ],
            [
              83.1873835,
              18.759679
            ],
            [
              83.1900215,
              18.75606
            ],
            [
              83.1921243,
              18.7540485
            ],
            [
              83.1932401,
              18.7532154
            ],
            [
              83.1952572,
              18.7531341
            ],
            [
              83.1981325,
              18.7532967
            ],
            [
              83.2001066,
              18.7516712
            ],
            [
              83.2035613,
              18.751407
            ],
            [
              83.206501,
              18.7513867
            ],
            [
              83.2081747,
              18.7494362
            ],
            [
              83.207488,
              18.7473433
            ],
            [
              83.2075739,
              18.7463273
            ],
            [
              83.2076597,
              18.7458599
            ],
            [
              83.2082176,
              18.7456161
            ],
            [
              83.2086038,
              18.7450472
            ],
            [
              83.2084965,
              18.743828
            ],
            [
              83.2093119,
              18.7435232
            ],
            [
              83.2097626,
              18.7430762
            ],
            [
              83.209784,
              18.7419179
            ],
            [
              83.2098269,
              18.7408613
            ],
            [
              83.2104063,
              18.7399672
            ],
            [
              83.2111573,
              18.7395608
            ],
            [
              83.2123804,
              18.7392966
            ],
            [
              83.2124233,
              18.7387886
            ],
            [
              83.2126379,
              18.7378945
            ],
            [
              83.2127452,
              18.7367972
            ],
            [
              83.2124018,
              18.7357406
            ],
            [
              83.2122946,
              18.734501
            ],
            [
              83.211801,
              18.7335459
            ],
            [
              83.2110929,
              18.7325299
            ],
            [
              83.2117796,
              18.7319609
            ],
            [
              83.211565,
              18.7309855
            ],
            [
              83.2121444,
              18.7303149
            ],
            [
              83.2131529,
              18.7310159
            ],
            [
              83.214215,
              18.7320625
            ],
            [
              83.2147193,
              18.733363
            ],
            [
              83.2149553,
              18.7362079
            ],
            [
              83.2151484,
              18.7378742
            ],
            [
              83.2157278,
              18.7407191
            ],
            [
              83.2166719,
              18.7427307
            ],
            [
              83.2176804,
              18.7445595
            ],
            [
              83.2187104,
              18.746246
            ],
            [
              83.2200622,
              18.7476074
            ],
            [
              83.2216286,
              18.7488265
            ],
            [
              83.2227874,
              18.7494768
            ],
            [
              83.2243538,
              18.7506959
            ],
            [
              83.2253194,
              18.7507772
            ],
            [
              83.2261133,
              18.7524839
            ],
            [
              83.2271755,
              18.7538859
            ],
            [
              83.2276153,
              18.7548815
            ],
            [
              83.2280338,
              18.7563241
            ],
            [
              83.2282269,
              18.7579191
            ],
            [
              83.228302,
              18.7596461
            ],
            [
              83.2281625,
              18.7611293
            ],
            [
              83.2277119,
              18.7621553
            ],
            [
              83.2268965,
              18.7631712
            ],
            [
              83.2258129,
              18.7648677
            ],
            [
              83.2244503,
              18.7666759
            ],
            [
              83.2234633,
              18.7686161
            ],
            [
              83.2230127,
              18.7700281
            ],
            [
              83.2225728,
              18.7715316
            ],
            [
              83.2223904,
              18.7729029
            ],
            [
              83.222605,
              18.7731365
            ],
            [
              83.2229805,
              18.7736241
            ],
            [
              83.2237852,
              18.7743758
            ],
            [
              83.2245684,
              18.7751377
            ],
            [
              83.2255769,
              18.7750259
            ],
            [
              83.2266927,
              18.7748634
            ],
            [
              83.2277119,
              18.774772
            ],
            [
              83.2293212,
              18.7749345
            ],
            [
              83.2312739,
              18.7749853
            ],
            [
              83.2330334,
              18.7745688
            ],
            [
              83.2356298,
              18.7737155
            ],
            [
              83.2375288,
              18.7730248
            ],
            [
              83.2384837,
              18.7725575
            ],
            [
              83.2389772,
              18.7720903
            ],
            [
              83.2398891,
              18.7708408
            ],
            [
              83.2404685,
              18.7702719
            ],
            [
              83.2411659,
              18.7692256
            ],
            [
              83.2416808,
              18.7688091
            ],
            [
              83.2422173,
              18.7685044
            ],
            [
              83.2431614,
              18.7682606
            ],
            [
              83.2443738,
              18.7682403
            ],
            [
              83.2462835,
              18.7684739
            ],
            [
              83.2479894,
              18.7686771
            ],
            [
              83.2498026,
              18.7686365
            ],
            [
              83.2513475,
              18.7684536
            ],
            [
              83.2523024,
              18.7681793
            ],
            [
              83.2529461,
              18.7677019
            ],
            [
              83.2537079,
              18.7675901
            ],
            [
              83.2548022,
              18.7677832
            ],
            [
              83.2570338,
              18.7681895
            ],
            [
              83.2593083,
              18.768799
            ],
            [
              83.2619154,
              18.769378
            ],
            [
              83.2626986,
              18.7697539
            ],
            [
              83.2628167,
              18.7693983
            ],
            [
              83.2630312,
              18.7688599
            ],
            [
              83.2632136,
              18.7684028
            ],
            [
              83.2635462,
              18.7683317
            ],
            [
              83.2641256,
              18.7681895
            ],
            [
              83.2646727,
              18.767773
            ],
            [
              83.2649732,
              18.7673667
            ],
            [
              83.2657027,
              18.7672244
            ],
            [
              83.2669365,
              18.7669603
            ],
            [
              83.2686317,
              18.7660156
            ],
            [
              83.2700586,
              18.7655991
            ],
            [
              83.2713354,
              18.7644715
            ],
            [
              83.2734275,
              18.7663508
            ],
            [
              83.2762277,
              18.7690733
            ],
            [
              83.2780516,
              18.7708103
            ],
            [
              83.28053,
              18.7732686
            ],
            [
              83.2813883,
              18.7741219
            ],
            [
              83.2816028,
              18.7746501
            ],
            [
              83.2814634,
              18.7754424
            ],
            [
              83.281163,
              18.7762246
            ],
            [
              83.2805192,
              18.7769356
            ],
            [
              83.2797897,
              18.7775248
            ],
            [
              83.2795751,
              18.7780631
            ],
            [
              83.278867,
              18.7790789
            ],
            [
              83.278116,
              18.7797595
            ],
            [
              83.2767212,
              18.7803994
            ],
            [
              83.276217,
              18.7807143
            ],
            [
              83.2758093,
              18.7813339
            ],
            [
              83.2755732,
              18.7818316
            ],
            [
              83.2754445,
              18.7826239
            ],
            [
              83.2756269,
              18.7834771
            ],
            [
              83.2760882,
              18.7845335
            ],
            [
              83.2770967,
              18.7864431
            ],
            [
              83.2782662,
              18.789216
            ],
            [
              83.2794249,
              18.7915318
            ],
            [
              83.2799935,
              18.7936241
            ],
            [
              83.2814526,
              18.794975
            ],
            [
              83.283298,
              18.7968336
            ],
            [
              83.2847357,
              18.7980931
            ],
            [
              83.2871711,
              18.7987228
            ],
            [
              83.2889306,
              18.7990376
            ],
            [
              83.2912803,
              18.7999212
            ],
            [
              83.2924282,
              18.8000837
            ],
            [
              83.2944453,
              18.8002158
            ],
            [
              83.2953036,
              18.8005103
            ],
            [
              83.2977176,
              18.8015158
            ],
            [
              83.298769,
              18.8019931
            ],
            [
              83.3004534,
              18.8033642
            ],
            [
              83.3021593,
              18.804583
            ],
            [
              83.304187,
              18.8058322
            ],
            [
              83.3049917,
              18.8069493
            ],
            [
              83.3060539,
              18.8079954
            ],
            [
              83.3074272,
              18.8087673
            ],
            [
              83.3092832,
              18.8094274
            ],
            [
              83.3100879,
              18.8089399
            ],
            [
              83.3112895,
              18.8083712
            ],
            [
              83.3130813,
              18.8076806
            ],
            [
              83.3151841,
              18.8067564
            ],
            [
              83.317523,
              18.8054564
            ],
            [
              83.3192932,
              18.8047759
            ],
            [
              83.3209991,
              18.8045322
            ],
            [
              83.3236277,
              18.8048369
            ],
            [
              83.3267391,
              18.805172
            ],
            [
              83.328284,
              18.8057611
            ],
            [
              83.3298397,
              18.8065939
            ],
            [
              83.3289063,
              18.8095086
            ],
            [
              83.3284664,
              18.8110117
            ],
            [
              83.3280909,
              18.8123726
            ],
            [
              83.3281982,
              18.8157442
            ],
            [
              83.3283484,
              18.8179784
            ],
            [
              83.3308053,
              18.8196134
            ],
            [
              83.3339488,
              18.8216952
            ],
            [
              83.3367169,
              18.8235232
            ],
            [
              83.338058,
              18.8242949
            ],
            [
              83.3394742,
              18.824427
            ],
            [
              83.3408475,
              18.8247621
            ],
            [
              83.3425534,
              18.8253307
            ],
            [
              83.3450854,
              18.826133
            ],
            [
              83.3478641,
              18.8269454
            ],
            [
              83.3488405,
              18.8291794
            ],
            [
              83.3493769,
              18.8299918
            ],
            [
              83.349967,
              18.830398
            ],
            [
              83.3512008,
              18.8308042
            ],
            [
              83.3527779,
              18.8312408
            ],
            [
              83.3533251,
              18.8317079
            ],
            [
              83.3547413,
              18.8325609
            ],
            [
              83.3573913,
              18.834277
            ],
            [
              83.3588612,
              18.8348862
            ],
            [
              83.3594191,
              18.8360641
            ],
            [
              83.3603847,
              18.8375974
            ],
            [
              83.3617151,
              18.8395775
            ],
            [
              83.3629596,
              18.841192
            ],
            [
              83.3642149,
              18.8424409
            ],
            [
              83.3648372,
              18.8427354
            ],
            [
              83.3670366,
              18.8436492
            ],
            [
              83.3686781,
              18.8440046
            ],
            [
              83.3696973,
              18.8434766
            ],
            [
              83.3704805,
              18.8428166
            ],
            [
              83.370899,
              18.8417504
            ],
            [
              83.3714139,
              18.8401766
            ],
            [
              83.3717894,
              18.8390495
            ],
            [
              83.3723581,
              18.8382879
            ],
            [
              83.3733129,
              18.837699
            ],
            [
              83.3744073,
              18.8369171
            ],
            [
              83.3754265,
              18.836186
            ],
            [
              83.3756089,
              18.8349979
            ],
            [
              83.3761024,
              18.8337794
            ],
            [
              83.3784628,
              18.8306518
            ],
            [
              83.3819175,
              18.8321547
            ],
            [
              83.3872175,
              18.8344902
            ],
            [
              83.3909941,
              18.8361759
            ],
            [
              83.3975601,
              18.8389378
            ],
            [
              83.3999634,
              18.8400141
            ],
            [
              83.4034395,
              18.8425932
            ],
            [
              83.4041905,
              18.8429588
            ],
            [
              83.4054565,
              18.8424105
            ],
            [
              83.4059071,
              18.8428166
            ],
            [
              83.4061003,
              18.8435274
            ],
            [
              83.4056496,
              18.8445834
            ],
            [
              83.4049845,
              18.8457206
            ],
            [
              83.4043193,
              18.846675
            ],
            [
              83.4044909,
              18.8485636
            ],
            [
              83.4050488,
              18.8511426
            ],
            [
              83.404448,
              18.8530108
            ],
            [
              83.4043407,
              18.8558943
            ],
            [
              83.4042978,
              18.8582904
            ],
            [
              83.4048128,
              18.8592854
            ],
            [
              83.405478,
              18.8602397
            ],
            [
              83.4051132,
              18.8612753
            ],
            [
              83.4049201,
              18.8619454
            ],
            [
              83.4062505,
              18.8634074
            ],
            [
              83.4084821,
              18.8657425
            ],
            [
              83.4116578,
              18.8696613
            ],
            [
              83.4129882,
              18.8711029
            ],
            [
              83.4146833,
              18.8733972
            ],
            [
              83.4147048,
              18.8746967
            ],
            [
              83.4103274,
              18.874453
            ],
            [
              83.4092974,
              18.876057
            ],
            [
              83.4073233,
              18.8773159
            ],
            [
              83.405993,
              18.8771737
            ],
            [
              83.402946,
              18.8769301
            ],
            [
              83.3995342,
              18.877925
            ],
            [
              83.3973026,
              18.8786153
            ],
            [
              83.3950925,
              18.8804223
            ],
            [
              83.393054,
              18.8817014
            ],
            [
              83.3928609,
              18.8838738
            ],
            [
              83.3926248,
              18.8850107
            ],
            [
              83.391788,
              18.8871222
            ],
            [
              83.3908653,
              18.8876501
            ],
            [
              83.3883333,
              18.8890103
            ],
            [
              83.3842349,
              18.890269
            ],
            [
              83.3834409,
              18.8905736
            ],
            [
              83.3818531,
              18.8917105
            ],
            [
              83.3818316,
              18.8936594
            ],
            [
              83.3815956,
              18.8942482
            ],
            [
              83.3799863,
              18.8953038
            ],
            [
              83.3783769,
              18.8970904
            ],
            [
              83.3815956,
              18.9004603
            ],
            [
              83.3844065,
              18.9039723
            ],
            [
              83.3870244,
              18.9050888
            ],
            [
              83.3932042,
              18.9076669
            ],
            [
              83.3923888,
              18.9087631
            ],
            [
              83.3877325,
              18.912011
            ],
            [
              83.3852219,
              18.9135741
            ],
            [
              83.3832264,
              18.9135741
            ],
            [
              83.3820677,
              18.9142033
            ],
            [
              83.3789563,
              18.9115644
            ],
            [
              83.3769178,
              18.9098999
            ],
            [
              83.374815,
              18.9091285
            ],
            [
              83.3716178,
              18.908418
            ],
            [
              83.3702016,
              18.9079511
            ],
            [
              83.3683133,
              18.9088443
            ],
            [
              83.3666396,
              18.9103668
            ],
            [
              83.3638716,
              18.9132087
            ],
            [
              83.362391,
              18.9146905
            ],
            [
              83.3597302,
              18.9147311
            ],
            [
              83.3619189,
              18.9159693
            ],
            [
              83.3593225,
              18.9168828
            ],
            [
              83.3582067,
              18.9213688
            ],
            [
              83.3574343,
              18.924109
            ],
            [
              83.3556318,
              18.9270927
            ],
            [
              83.3544946,
              18.9282294
            ],
            [
              83.3535504,
              18.9309086
            ],
            [
              83.3524346,
              18.9363684
            ],
            [
              83.3521342,
              18.9408742
            ],
            [
              83.3523488,
              18.9434923
            ],
            [
              83.354001,
              18.9427617
            ],
            [
              83.3583784,
              18.9414628
            ],
            [
              83.3609533,
              18.9409148
            ],
            [
              83.3642578,
              18.9411989
            ],
            [
              83.3672404,
              18.9412395
            ],
            [
              83.3699655,
              18.9419093
            ],
            [
              83.3699441,
              18.9391896
            ],
            [
              83.3700084,
              18.9370179
            ],
            [
              83.3697939,
              18.9352724
            ],
            [
              83.3692145,
              18.9337299
            ],
            [
              83.3693647,
              18.9327354
            ],
            [
              83.3691931,
              18.9308072
            ],
            [
              83.369236,
              18.9287368
            ],
            [
              83.3706736,
              18.9262605
            ],
            [
              83.3753514,
              18.92622
            ],
            [
              83.3773899,
              18.9256922
            ],
            [
              83.3818102,
              18.9273566
            ],
            [
              83.3824754,
              18.9279046
            ],
            [
              83.3842563,
              18.9300968
            ],
            [
              83.3861661,
              18.9317814
            ],
            [
              83.387475,
              18.932918
            ],
            [
              83.3858442,
              18.9350492
            ],
            [
              83.3843851,
              18.9362873
            ],
            [
              83.3799863,
              18.938601
            ],
            [
              83.3768749,
              18.9405292
            ],
            [
              83.374536,
              18.9419702
            ],
            [
              83.3717894,
              18.9425283
            ],
            [
              83.3713066,
              18.9428429
            ],
            [
              83.3711028,
              18.9446187
            ],
            [
              83.3711028,
              18.9462423
            ],
            [
              83.3699119,
              18.9492764
            ],
            [
              83.369118,
              18.9514683
            ],
            [
              83.3684742,
              18.9533556
            ],
            [
              83.3677983,
              18.9545023
            ],
            [
              83.3667469,
              18.9556793
            ],
            [
              83.3660066,
              18.9563693
            ],
            [
              83.3658886,
              18.9568564
            ],
            [
              83.3664465,
              18.9578406
            ],
            [
              83.3672297,
              18.9594032
            ],
            [
              83.3685601,
              18.9608847
            ],
            [
              83.3680665,
              18.9618384
            ],
            [
              83.3673155,
              18.9628024
            ],
            [
              83.3669078,
              18.9633503
            ],
            [
              83.3663714,
              18.963472
            ],
            [
              83.3647835,
              18.9632285
            ],
            [
              83.3635819,
              18.9627516
            ],
            [
              83.362391,
              18.9629546
            ],
            [
              83.3606207,
              18.9634923
            ],
            [
              83.3580887,
              18.9647708
            ],
            [
              83.3560395,
              18.9662217
            ],
            [
              83.354795,
              18.9673683
            ],
            [
              83.3517909,
              18.9673987
            ],
            [
              83.3508682,
              18.9667798
            ],
            [
              83.3502245,
              18.9657956
            ],
            [
              83.349967,
              18.9642229
            ],
            [
              83.3492803,
              18.9619602
            ],
            [
              83.3484542,
              18.9605194
            ],
            [
              83.3482075,
              18.9594337
            ],
            [
              83.348465,
              18.9578305
            ],
            [
              83.3487868,
              18.9563896
            ],
            [
              83.349216,
              18.9543906
            ],
            [
              83.349452,
              18.952209
            ],
            [
              83.3497846,
              18.9505144
            ],
            [
              83.3504069,
              18.9488604
            ],
            [
              83.350836,
              18.9476325
            ],
            [
              83.3509326,
              18.9469425
            ],
            [
              83.3507287,
              18.9460394
            ],
            [
              83.3502889,
              18.9449637
            ],
            [
              83.3502674,
              18.9433908
            ],
            [
              83.3489907,
              18.9431879
            ],
            [
              83.3460832,
              18.9423964
            ],
            [
              83.3437443,
              18.9412598
            ],
            [
              83.3448064,
              18.9384894
            ],
            [
              83.3452141,
              18.9363989
            ],
            [
              83.3455789,
              18.9335168
            ],
            [
              83.3466625,
              18.9318524
            ],
            [
              83.3485293,
              18.9285136
            ],
            [
              83.348465,
              18.9264128
            ],
            [
              83.3467805,
              18.9263113
            ],
            [
              83.3431864,
              18.926088
            ],
            [
              83.3407295,
              18.9258546
            ],
            [
              83.3374572,
              18.9255501
            ],
            [
              83.3354938,
              18.9250325
            ],
            [
              83.3346355,
              18.9253167
            ],
            [
              83.3340347,
              18.9257125
            ],
            [
              83.3335304,
              18.9263519
            ],
            [
              83.3335948,
              18.9272044
            ],
            [
              83.3339274,
              18.9288891
            ],
            [
              83.3298933,
              18.9308985
            ],
            [
              83.3271897,
              18.9318626
            ],
            [
              83.3262241,
              18.9323193
            ],
            [
              83.3256018,
              18.9332225
            ],
            [
              83.3253336,
              18.9341358
            ],
            [
              83.3255374,
              18.9349781
            ],
            [
              83.3257735,
              18.9362467
            ],
            [
              83.3257413,
              18.936612
            ],
            [
              83.3248937,
              18.937708
            ],
            [
              83.3255052,
              18.939352
            ],
            [
              83.3259022,
              18.9406712
            ],
            [
              83.3268142,
              18.9435025
            ],
            [
              83.3272004,
              18.94471
            ],
            [
              83.33058,
              18.9452783
            ],
            [
              83.3335841,
              18.9455523
            ],
            [
              83.3361483,
              18.9457045
            ],
            [
              83.3375645,
              18.9459683
            ],
            [
              83.3379292,
              18.9463641
            ],
            [
              83.3381653,
              18.9471556
            ],
            [
              83.3382511,
              18.9483733
            ],
            [
              83.338294,
              18.9493373
            ],
            [
              83.3387017,
              18.9501491
            ],
            [
              83.3391845,
              18.950971
            ],
            [
              83.3392489,
              18.951793
            ],
            [
              83.3389485,
              18.9537108
            ],
            [
              83.3378112,
              18.9539442
            ],
            [
              83.3369958,
              18.9541776
            ],
            [
              83.3357191,
              18.9544617
            ],
            [
              83.3344853,
              18.9549589
            ],
            [
              83.3335519,
              18.9552531
            ],
            [
              83.3332837,
              18.9557504
            ],
            [
              83.3328545,
              18.9569781
            ],
            [
              83.3324575,
              18.9582972
            ],
            [
              83.3324468,
              18.9595453
            ],
            [
              83.332597,
              18.960631
            ],
            [
              83.3334446,
              18.9632691
            ],
            [
              83.3337986,
              18.9647099
            ],
            [
              83.333745,
              18.9661609
            ],
            [
              83.3340454,
              18.9668711
            ],
            [
              83.3344853,
              18.9681597
            ],
            [
              83.3349252,
              18.9686568
            ],
            [
              83.3344424,
              18.9688699
            ],
            [
              83.3335519,
              18.9692859
            ],
            [
              83.3325434,
              18.9693671
            ],
            [
              83.3311915,
              18.9690018
            ],
            [
              83.3298182,
              18.9686771
            ],
            [
              83.3294213,
              18.96818
            ],
            [
              83.3293247,
              18.9672059
            ],
            [
              83.3285952,
              18.9671248
            ],
            [
              83.3277261,
              18.9676219
            ],
            [
              83.3269751,
              18.9681597
            ],
            [
              83.3261061,
              18.9686568
            ],
            [
              83.3255911,
              18.9689917
            ],
            [
              83.3245826,
              18.9695497
            ],
            [
              83.3238101,
              18.9697932
            ],
            [
              83.3228445,
              18.9699454
            ],
            [
              83.3218038,
              18.9704426
            ],
            [
              83.3207631,
              18.9712238
            ],
            [
              83.3197331,
              18.9720457
            ],
            [
              83.3189714,
              18.9730907
            ],
            [
              83.3182096,
              18.9744198
            ],
            [
              83.3177268,
              18.9758707
            ],
            [
              83.3174693,
              18.9766011
            ],
            [
              83.3174372,
              18.9771592
            ],
            [
              83.3176517,
              18.9778389
            ],
            [
              83.3178985,
              18.9791173
            ],
            [
              83.3176839,
              18.9800507
            ],
            [
              83.3169436,
              18.9815015
            ],
            [
              83.3156884,
              18.9826073
            ],
            [
              83.3152807,
              18.983145
            ],
            [
              83.3152699,
              18.9835813
            ],
            [
              83.3154094,
              18.9843625
            ],
            [
              83.3163428,
              18.9851436
            ],
            [
              83.316257,
              18.98629
            ],
            [
              83.3156669,
              18.9877408
            ],
            [
              83.3150232,
              18.9888973
            ],
            [
              83.314358,
              18.9900234
            ],
            [
              83.3135104,
              18.9908046
            ],
            [
              83.3128881,
              18.9910785
            ],
            [
              83.3128881,
              18.9913321
            ],
            [
              83.3127272,
              18.9922553
            ],
            [
              83.3124697,
              18.9933814
            ],
            [
              83.3119333,
              18.9943248
            ],
            [
              83.3110642,
              18.9947915
            ],
            [
              83.3104634,
              18.9957045
            ],
            [
              83.3104527,
              18.9963132
            ],
            [
              83.3108818,
              18.9968914
            ],
            [
              83.3110642,
              18.997358
            ],
            [
              83.3109033,
              18.9980174
            ],
            [
              83.3106887,
              18.9989609
            ],
            [
              83.3116007,
              18.9994275
            ],
            [
              83.3131993,
              19.0001376
            ],
            [
              83.3153236,
              19.000868
            ],
            [
              83.316257,
              19.0013245
            ],
            [
              83.3177698,
              19.001294
            ],
            [
              83.3191752,
              19.0008883
            ],
            [
              83.3200872,
              19.0001477
            ],
            [
              83.3207095,
              18.9997927
            ],
            [
              83.3216214,
              18.9997115
            ],
            [
              83.3230591,
              18.9997724
            ],
            [
              83.3244538,
              19.0003811
            ],
            [
              83.3259344,
              19.0014564
            ],
            [
              83.3263743,
              19.0020752
            ],
            [
              83.3268893,
              19.0023186
            ],
            [
              83.3277154,
              19.0022273
            ],
            [
              83.3290028,
              19.0014564
            ],
            [
              83.33058,
              18.9995289
            ],
            [
              83.3317387,
              18.9988696
            ],
            [
              83.3339703,
              18.9984232
            ],
            [
              83.3350968,
              18.9985855
            ],
            [
              83.3356225,
              18.9990217
            ],
            [
              83.3362126,
              18.997845
            ],
            [
              83.3367598,
              18.9973682
            ],
            [
              83.3380043,
              18.9968711
            ],
            [
              83.3388948,
              18.9969725
            ],
            [
              83.3386695,
              18.9979363
            ],
            [
              83.3383155,
              18.9990724
            ],
            [
              83.3380473,
              19.0003405
            ],
            [
              83.3372748,
              19.0015274
            ],
            [
              83.3363306,
              19.0029171
            ],
            [
              83.3368993,
              19.0033736
            ],
            [
              83.3372211,
              19.0037489
            ],
            [
              83.3374035,
              19.0042257
            ],
            [
              83.3372641,
              19.0049358
            ],
            [
              83.3368671,
              19.0055749
            ],
            [
              83.3369529,
              19.0060821
            ],
            [
              83.3373928,
              19.0068631
            ],
            [
              83.338058,
              19.0074008
            ],
            [
              83.3388519,
              19.0078978
            ],
            [
              83.3397102,
              19.0084659
            ],
            [
              83.3402359,
              19.0092267
            ],
            [
              83.3406973,
              19.0104946
            ],
            [
              83.340987,
              19.012432
            ],
            [
              83.3419311,
              19.0154751
            ],
            [
              83.3428323,
              19.0180211
            ],
            [
              83.3456969,
              19.0174125
            ],
            [
              83.3479929,
              19.0169662
            ],
            [
              83.3476066,
              19.0202526
            ],
            [
              83.3480358,
              19.023336
            ],
            [
              83.3490228,
              19.025324
            ],
            [
              83.350439,
              19.0271092
            ],
            [
              83.3527994,
              19.0305982
            ],
            [
              83.355031,
              19.0367647
            ],
            [
              83.3570909,
              19.0372921
            ],
            [
              83.3600521,
              19.0394422
            ],
            [
              83.3610391,
              19.0406998
            ],
            [
              83.3627986,
              19.0452838
            ],
            [
              83.3627128,
              19.0477178
            ],
            [
              83.3615112,
              19.0492998
            ],
            [
              83.3591079,
              19.0514903
            ],
            [
              83.3559751,
              19.0518148
            ],
            [
              83.3531856,
              19.0512469
            ],
            [
              83.3485937,
              19.0503951
            ],
            [
              83.34589,
              19.0516526
            ],
            [
              83.3443021,
              19.0545326
            ],
            [
              83.3409118,
              19.0603332
            ],
            [
              83.3409547,
              19.0633753
            ],
            [
              83.3420705,
              19.0658496
            ],
            [
              83.3431863,
              19.0680399
            ],
            [
              83.3444738,
              19.0703924
            ],
            [
              83.3442163,
              19.0732721
            ],
            [
              83.3424568,
              19.0798426
            ],
            [
              83.3409547,
              19.0809782
            ],
            [
              83.3380365,
              19.0845878
            ],
            [
              83.3380365,
              19.0866967
            ],
            [
              83.3381223,
              19.0888462
            ],
            [
              83.3388519,
              19.0907523
            ],
            [
              83.3397102,
              19.09278
            ],
            [
              83.3386373,
              19.0949294
            ],
            [
              83.3386373,
              19.0964704
            ],
            [
              83.3396244,
              19.0976059
            ],
            [
              83.3409118,
              19.0993497
            ],
            [
              83.3406543,
              19.1014585
            ],
            [
              83.3382726,
              19.1013976
            ],
            [
              83.3368349,
              19.1012152
            ],
            [
              83.3338737,
              19.1009313
            ],
            [
              83.3304834,
              19.100323
            ],
            [
              83.3282089,
              19.0992281
            ],
            [
              83.3272218,
              19.0997147
            ],
            [
              83.3259773,
              19.1014585
            ],
            [
              83.3250761,
              19.1040538
            ],
            [
              83.3238744,
              19.106568
            ],
            [
              83.322072,
              19.1102987
            ],
            [
              83.3202695,
              19.112975
            ],
            [
              83.3175659,
              19.1135832
            ],
            [
              83.3145618,
              19.1130155
            ],
            [
              83.3130598,
              19.1139887
            ],
            [
              83.3116006,
              19.1154079
            ],
            [
              83.3095407,
              19.1167866
            ],
            [
              83.3071804,
              19.1165027
            ],
            [
              83.3055067,
              19.1152052
            ],
            [
              83.3031463,
              19.1133399
            ],
            [
              83.3008718,
              19.1140293
            ],
            [
              83.2998418,
              19.1162595
            ],
            [
              83.2986402,
              19.1211658
            ],
            [
              83.2965803,
              19.1206387
            ],
            [
              83.2948637,
              19.1178814
            ],
            [
              83.2931041,
              19.1159351
            ],
            [
              83.2907009,
              19.1145969
            ],
            [
              83.2877397,
              19.1141915
            ],
            [
              83.285079,
              19.1156512
            ],
            [
              83.2845211,
              19.1182869
            ],
            [
              83.2843923,
              19.1209225
            ],
            [
              83.285036,
              19.1244096
            ],
            [
              83.2824611,
              19.1255043
            ],
            [
              83.2795,
              19.1220173
            ],
            [
              83.2770967,
              19.1112719
            ],
            [
              83.2758092,
              19.1073385
            ],
            [
              83.2735776,
              19.1031617
            ],
            [
              83.2723331,
              19.0980926
            ],
            [
              83.2716035,
              19.0943616
            ],
            [
              83.268857,
              19.0907928
            ],
            [
              83.2682132,
              19.0830061
            ],
            [
              83.2649946,
              19.0780986
            ],
            [
              83.2625913,
              19.0723393
            ],
            [
              83.2618188,
              19.0692161
            ],
            [
              83.2622909,
              19.066458
            ],
            [
              83.2633209,
              19.0646733
            ],
            [
              83.2655525,
              19.0632942
            ],
            [
              83.267312,
              19.0622802
            ],
            [
              83.2685566,
              19.0545326
            ],
            [
              83.2674408,
              19.0515309
            ],
            [
              83.2646942,
              19.0462574
            ],
            [
              83.2601022,
              19.0376166
            ],
            [
              83.253107,
              19.0332758
            ],
            [
              83.243494,
              19.0270686
            ],
            [
              83.2394599,
              19.02504
            ],
            [
              83.2352972,
              19.0237418
            ],
            [
              83.235898,
              19.0203743
            ],
            [
              83.2361555,
              19.0167633
            ],
            [
              83.2359838,
              19.0144101
            ],
            [
              83.2354259,
              19.0095817
            ],
            [
              83.235898,
              19.0060517
            ],
            [
              83.2364559,
              19.0014665
            ],
            [
              83.2377863,
              18.9974899
            ],
            [
              83.2380008,
              18.9939596
            ],
            [
              83.2375717,
              18.9901452
            ],
            [
              83.2360267,
              18.988522
            ],
            [
              83.2339239,
              18.9874263
            ],
            [
              83.231821,
              18.9852756
            ],
            [
              83.2294178,
              18.9847886
            ],
            [
              83.2268428,
              18.984261
            ],
            [
              83.2240963,
              18.9833277
            ],
            [
              83.2194614,
              18.9828813
            ],
            [
              83.2142686,
              18.977078
            ],
            [
              83.2113933,
              18.9749271
            ],
            [
              83.2095909,
              18.9716398
            ],
            [
              83.2084322,
              18.9691236
            ],
            [
              83.2066726,
              18.9669726
            ],
            [
              83.2050848,
              18.965268
            ],
            [
              83.2018661,
              18.9624676
            ],
            [
              83.2000637,
              18.9597888
            ],
            [
              83.1901502,
              18.95987
            ],
            [
              83.1846141,
              18.9593424
            ],
            [
              83.1847,
              18.9636852
            ],
            [
              83.1851291,
              18.966932
            ],
            [
              83.1856012,
              18.9685148
            ],
            [
              83.1870174,
              18.969773
            ],
            [
              83.1874895,
              18.9719239
            ],
            [
              83.1888628,
              18.976307
            ],
            [
              83.1906652,
              18.979026
            ],
            [
              83.1923389,
              18.9818262
            ],
            [
              83.194313,
              18.9853161
            ],
            [
              83.1946992,
              18.9873452
            ],
            [
              83.1951713,
              18.989293
            ],
            [
              83.1954717,
              18.9916061
            ],
            [
              83.1952571,
              18.995461
            ],
            [
              83.1949997,
              18.996719
            ],
            [
              83.1940984,
              18.9987479
            ],
            [
              83.1919956,
              18.9999246
            ],
            [
              83.1906652,
              19.0013854
            ],
            [
              83.1886911,
              19.0028461
            ],
            [
              83.187747,
              19.0040229
            ],
            [
              83.1868457,
              19.0058488
            ],
            [
              83.1858587,
              19.0081616
            ],
            [
              83.1849575,
              19.0111641
            ],
            [
              83.1840133,
              19.0138015
            ],
            [
              83.184185,
              19.0159924
            ],
            [
              83.1853866,
              19.0215103
            ],
            [
              83.185687,
              19.0258109
            ],
            [
              83.1862878,
              19.028448
            ],
            [
              83.1869316,
              19.0309633
            ],
            [
              83.188219,
              19.0335192
            ],
            [
              83.1910514,
              19.0374543
            ],
            [
              83.1909656,
              19.0443102
            ],
            [
              83.1916093,
              19.0464602
            ],
            [
              83.1923389,
              19.0492998
            ],
            [
              83.1928968,
              19.0510847
            ],
            [
              83.1930255,
              19.0533157
            ],
            [
              83.1917381,
              19.0542893
            ],
            [
              83.1889915,
              19.0561552
            ],
            [
              83.1863737,
              19.0587918
            ],
            [
              83.1877899,
              19.0600492
            ],
            [
              83.1897211,
              19.0616717
            ],
            [
              83.1907939,
              19.063132
            ],
            [
              83.1925535,
              19.066093
            ],
            [
              83.1941843,
              19.0701085
            ],
            [
              83.194828,
              19.0716903
            ],
            [
              83.1949567,
              19.0735155
            ],
            [
              83.1940555,
              19.0757462
            ],
            [
              83.1929397,
              19.0771658
            ],
            [
              83.1901931,
              19.0783825
            ],
            [
              83.1878757,
              19.0792748
            ],
            [
              83.1857299,
              19.0804104
            ],
            [
              83.185687,
              19.0823977
            ],
            [
              83.1866741,
              19.0846689
            ],
            [
              83.1874895,
              19.0864128
            ],
            [
              83.188219,
              19.0883595
            ],
            [
              83.1883478,
              19.0911578
            ],
            [
              83.1886911,
              19.09424
            ],
            [
              83.1885624,
              19.0965516
            ],
            [
              83.1862449,
              19.0967949
            ],
            [
              83.1851291,
              19.0967138
            ],
            [
              83.1824255,
              19.0952538
            ],
            [
              83.1809663,
              19.0945644
            ],
            [
              83.1794214,
              19.0950105
            ],
            [
              83.1787777,
              19.0982954
            ],
            [
              83.1819963,
              19.1003636
            ],
            [
              83.1839275,
              19.1021479
            ],
            [
              83.1859016,
              19.1037294
            ],
            [
              83.1879186,
              19.1050676
            ],
            [
              83.189249,
              19.1070546
            ],
            [
              83.190236,
              19.1091633
            ],
            [
              83.1888628,
              19.1113935
            ],
            [
              83.1894207,
              19.1131372
            ],
            [
              83.1929397,
              19.1133399
            ],
            [
              83.1933689,
              19.1166649
            ],
            [
              83.1949567,
              19.1193817
            ],
            [
              83.1987333,
              19.1205576
            ],
            [
              83.2014799,
              19.121328
            ],
            [
              83.2036256,
              19.1227066
            ],
            [
              83.2043552,
              19.1253016
            ],
            [
              83.2044839,
              19.1273695
            ],
            [
              83.2047414,
              19.1303698
            ],
            [
              83.2053422,
              19.1313024
            ],
            [
              83.2111358,
              19.1326404
            ],
            [
              83.2149124,
              19.1342622
            ],
            [
              83.2174444,
              19.1355596
            ],
            [
              83.2204055,
              19.136857
            ],
            [
              83.2220792,
              19.1367353
            ],
            [
              83.2221221,
              19.1347081
            ],
            [
              83.2216501,
              19.1322755
            ],
            [
              83.2213497,
              19.1302482
            ],
            [
              83.2215213,
              19.1280587
            ],
            [
              83.2222509,
              19.1275316
            ],
            [
              83.2230234,
              19.1254638
            ],
            [
              83.2236671,
              19.1232743
            ],
            [
              83.2250833,
              19.1223822
            ],
            [
              83.2268858,
              19.1223417
            ],
            [
              83.2297611,
              19.1231121
            ],
            [
              83.2324647,
              19.1237608
            ],
            [
              83.2349968,
              19.1253016
            ],
            [
              83.2367134,
              19.1264774
            ],
            [
              83.2388591,
              19.1275722
            ],
            [
              83.2407903,
              19.1277344
            ],
            [
              83.2428073,
              19.1270856
            ],
            [
              83.2441377,
              19.1264774
            ],
            [
              83.2451677,
              19.1266802
            ],
            [
              83.2452964,
              19.1291535
            ],
            [
              83.2438802,
              19.1304509
            ],
            [
              83.2410478,
              19.1319511
            ],
            [
              83.2401466,
              19.1335729
            ],
            [
              83.2407903,
              19.1404248
            ],
            [
              83.2410049,
              19.1425735
            ],
            [
              83.2418632,
              19.1443979
            ],
            [
              83.2432365,
              19.1456547
            ],
            [
              83.2456398,
              19.1465061
            ],
            [
              83.2476139,
              19.1470737
            ],
            [
              83.2489872,
              19.1476818
            ],
            [
              83.2498025,
              19.1491818
            ],
            [
              83.2507038,
              19.1521007
            ],
            [
              83.2555961,
              19.1527088
            ],
            [
              83.2557249,
              19.1558101
            ],
            [
              83.2557463,
              19.156783
            ],
            [
              83.2560253,
              19.1577965
            ],
            [
              83.2569051,
              19.159641
            ],
            [
              83.2570338,
              19.16183
            ],
            [
              83.2557893,
              19.1622759
            ],
            [
              83.2538152,
              19.1623975
            ],
            [
              83.2522058,
              19.1616273
            ],
            [
              83.24682,
              19.1613233
            ],
            [
              83.2451677,
              19.1629448
            ],
            [
              83.2428932,
              19.1645866
            ],
            [
              83.2396316,
              19.1673836
            ],
            [
              83.2355332,
              19.1707886
            ],
            [
              83.2325077,
              19.1718222
            ],
            [
              83.2269931,
              19.1723695
            ],
            [
              83.2241821,
              19.1695725
            ],
            [
              83.2238602,
              19.1674241
            ],
            [
              83.2235598,
              19.1653162
            ],
            [
              83.2221865,
              19.1638164
            ],
            [
              83.2197618,
              19.1601274
            ],
            [
              83.2185817,
              19.1608571
            ],
            [
              83.2169509,
              19.1622354
            ],
            [
              83.2157063,
              19.1638569
            ],
            [
              83.2131743,
              19.1646271
            ],
            [
              83.2091188,
              19.1643636
            ],
            [
              83.2069731,
              19.1659648
            ],
            [
              83.2039046,
              19.1665323
            ],
            [
              83.2019949,
              19.1670188
            ],
            [
              83.1992912,
              19.1680727
            ],
            [
              83.1976604,
              19.1674039
            ],
            [
              83.1972313,
              19.1617895
            ],
            [
              83.1983685,
              19.1603707
            ],
            [
              83.2010507,
              19.1568641
            ],
            [
              83.2025957,
              19.1553844
            ],
            [
              83.2037115,
              19.1543507
            ],
            [
              83.2038188,
              19.1525061
            ],
            [
              83.2034111,
              19.1504183
            ],
            [
              83.2012009,
              19.1474993
            ],
            [
              83.200171,
              19.1468507
            ],
            [
              83.1985831,
              19.1465872
            ],
            [
              83.1959438,
              19.146202
            ],
            [
              83.1947207,
              19.1463034
            ],
            [
              83.1934976,
              19.1469723
            ],
            [
              83.1926179,
              19.1485534
            ],
            [
              83.1913948,
              19.1494048
            ],
            [
              83.1896567,
              19.1491615
            ],
            [
              83.189249,
              19.1472966
            ],
            [
              83.186953,
              19.1468507
            ],
            [
              83.1834983,
              19.1466277
            ],
            [
              83.179636,
              19.1440736
            ],
            [
              83.1736707,
              19.1434249
            ],
            [
              83.1697654,
              19.141114
            ],
            [
              83.166933,
              19.1377084
            ],
            [
              83.1630277,
              19.1298428
            ],
            [
              83.1621265,
              19.1263964
            ],
            [
              83.1611824,
              19.1237203
            ],
            [
              83.1593799,
              19.1214902
            ],
            [
              83.1558609,
              19.1215713
            ],
            [
              83.152771,
              19.1225039
            ],
            [
              83.1501102,
              19.1237608
            ],
            [
              83.1480932,
              19.1263153
            ],
            [
              83.147192,
              19.1292346
            ],
            [
              83.1470632,
              19.1314646
            ],
            [
              83.1474495,
              19.1334107
            ],
            [
              83.1478357,
              19.1353163
            ],
            [
              83.1441021,
              19.1354379
            ],
            [
              83.1413984,
              19.134992
            ],
            [
              83.1401109,
              19.1347487
            ],
            [
              83.1380939,
              19.1352758
            ],
            [
              83.1354332,
              19.1362894
            ],
            [
              83.1328582,
              19.1350325
            ],
            [
              83.1322574,
              19.1305726
            ],
            [
              83.1325149,
              19.1250583
            ],
            [
              83.1313133,
              19.123031
            ],
            [
              83.1305408,
              19.1212874
            ],
            [
              83.1310129,
              19.1177598
            ],
            [
              83.1313991,
              19.1158134
            ],
            [
              83.1315279,
              19.1128128
            ],
            [
              83.1310987,
              19.107744
            ],
            [
              83.1300258,
              19.0988225
            ],
            [
              83.1297254,
              19.0948483
            ],
            [
              83.1282234,
              19.0926989
            ],
            [
              83.1241464,
              19.0916039
            ],
            [
              83.1214428,
              19.0899412
            ],
            [
              83.1195545,
              19.090144
            ],
            [
              83.1181383,
              19.0918473
            ],
            [
              83.1165933,
              19.0955783
            ],
            [
              83.11522,
              19.0987009
            ],
            [
              83.1134176,
              19.1017829
            ],
            [
              83.1120443,
              19.1044593
            ],
            [
              83.1101131,
              19.1066086
            ],
            [
              83.1080961,
              19.1082306
            ],
            [
              83.1064653,
              19.1101365
            ],
            [
              83.1056499,
              19.1123667
            ],
            [
              83.1038904,
              19.1130561
            ],
            [
              83.1005859,
              19.1115557
            ],
            [
              83.0984401,
              19.1092444
            ],
            [
              83.0958223,
              19.1055948
            ],
            [
              83.0948352,
              19.1017423
            ],
            [
              83.0917024,
              19.0958216
            ],
            [
              83.0889558,
              19.0909956
            ],
            [
              83.0871534,
              19.088319
            ],
            [
              83.0849647,
              19.0864939
            ],
            [
              83.0834198,
              19.0863723
            ],
            [
              83.0801153,
              19.0863723
            ],
            [
              83.0778837,
              19.0855206
            ],
            [
              83.074665,
              19.0823166
            ],
            [
              83.0732059,
              19.0782203
            ],
            [
              83.0724334,
              19.0733127
            ],
            [
              83.0725622,
              19.0718931
            ],
            [
              83.0705452,
              19.0688917
            ],
            [
              83.0677557,
              19.0673909
            ],
            [
              83.0662965,
              19.0656062
            ],
            [
              83.0661249,
              19.0623207
            ],
            [
              83.0678844,
              19.0622396
            ],
            [
              83.0691719,
              19.062199
            ],
            [
              83.071146,
              19.0612256
            ],
            [
              83.0722189,
              19.0589946
            ],
            [
              83.071146,
              19.0567231
            ],
            [
              83.0697727,
              19.0548572
            ],
            [
              83.0685281,
              19.0527478
            ],
            [
              83.0685281,
              19.0509224
            ],
            [
              83.0684423,
              19.0480423
            ],
            [
              83.0678844,
              19.0458112
            ],
            [
              83.0659532,
              19.0439857
            ],
            [
              83.0639362,
              19.0438234
            ],
            [
              83.062005,
              19.0458112
            ],
            [
              83.0606746,
              19.0477178
            ],
            [
              83.0559539,
              19.0508413
            ],
            [
              83.0539798,
              19.0515309
            ],
            [
              83.0495596,
              19.0530723
            ],
            [
              83.0432081,
              19.054776
            ],
            [
              83.0353117,
              19.05506
            ],
            [
              83.0293893,
              19.0551411
            ],
            [
              83.0279302,
              19.0574127
            ],
            [
              83.0223512,
              19.0593597
            ],
            [
              83.0201196,
              19.0624019
            ],
            [
              83.0188751,
              19.0656873
            ],
            [
              83.0181026,
              19.0742861
            ],
            [
              83.0253553,
              19.0783825
            ],
            [
              83.027029,
              19.0796804
            ],
            [
              83.0272007,
              19.0805726
            ],
            [
              83.0265569,
              19.0824383
            ],
            [
              83.0266428,
              19.0842633
            ],
            [
              83.0269002,
              19.0862912
            ],
            [
              83.0262565,
              19.0887245
            ],
            [
              83.0232954,
              19.0912389
            ],
            [
              83.0191755,
              19.0948888
            ],
            [
              83.0158281,
              19.0957405
            ],
            [
              83.0119228,
              19.0937939
            ],
            [
              83.0099058,
              19.0963082
            ],
            [
              83.0065584,
              19.0995931
            ],
            [
              83.0057859,
              19.1023101
            ],
            [
              83.0059146,
              19.1044999
            ],
            [
              83.0066013,
              19.1072168
            ],
            [
              83.00673,
              19.1094471
            ],
            [
              83.0061292,
              19.1132994
            ],
            [
              83.0058002,
              19.1145505
            ],
            [
              83.0044126,
              19.1198277
            ],
            [
              83.0017519,
              19.1232743
            ],
            [
              82.9972887,
              19.1272884
            ],
            [
              82.9947996,
              19.1293157
            ],
            [
              82.9917097,
              19.1295184
            ],
            [
              82.9892206,
              19.1317889
            ],
            [
              82.9865598,
              19.1350325
            ],
            [
              82.9842853,
              19.136857
            ],
            [
              82.9806375,
              19.1388841
            ],
            [
              82.9797792,
              19.1401004
            ],
            [
              82.9800796,
              19.1423708
            ],
            [
              82.9805946,
              19.1443979
            ],
            [
              82.9810667,
              19.1469521
            ],
            [
              82.9812383,
              19.1490602
            ],
            [
              82.9799938,
              19.1512899
            ],
            [
              82.9794788,
              19.1538439
            ],
            [
              82.979865,
              19.1607355
            ],
            [
              82.9789638,
              19.1649109
            ],
            [
              82.9796075,
              19.1670188
            ],
            [
              82.9802942,
              19.1686402
            ],
            [
              82.9811096,
              19.1703833
            ],
            [
              82.9802942,
              19.1719641
            ],
            [
              82.9772043,
              19.1726532
            ],
            [
              82.9749727,
              19.1715993
            ],
            [
              82.973299,
              19.1677484
            ],
            [
              82.9690504,
              19.1633705
            ],
            [
              82.9656601,
              19.16183
            ],
            [
              82.9629993,
              19.1604112
            ],
            [
              82.9598665,
              19.1597626
            ],
            [
              82.957077,
              19.1586681
            ],
            [
              82.9541158,
              19.1555871
            ],
            [
              82.9493951,
              19.1546953
            ],
            [
              82.946906,
              19.1546547
            ],
            [
              82.9457473,
              19.1558304
            ],
            [
              82.9425716,
              19.1583032
            ],
            [
              82.9408979,
              19.1602896
            ],
            [
              82.9387092,
              19.1619517
            ],
            [
              82.9362201,
              19.1618706
            ],
            [
              82.9343319,
              19.1597626
            ],
            [
              82.9319715,
              19.1594383
            ],
            [
              82.9284524,
              19.1594788
            ],
            [
              82.9248905,
              19.1594383
            ],
            [
              82.9218006,
              19.1613436
            ],
            [
              82.9181957,
              19.1617084
            ],
            [
              82.9161787,
              19.1607761
            ],
            [
              82.9141187,
              19.1578573
            ],
            [
              82.9115009,
              19.1568438
            ],
            [
              82.909913,
              19.157006
            ],
            [
              82.9081964,
              19.1579789
            ],
            [
              82.9058361,
              19.1578978
            ],
            [
              82.9042482,
              19.1553034
            ],
            [
              82.9025316,
              19.1553844
            ],
            [
              82.9002142,
              19.1559114
            ],
            [
              82.9009866,
              19.1582222
            ],
            [
              82.9020166,
              19.1602491
            ],
            [
              82.9022312,
              19.1617895
            ],
            [
              82.896738,
              19.1666134
            ],
            [
              82.8957939,
              19.1684375
            ],
            [
              82.8967166,
              19.1719033
            ],
            [
              82.8970599,
              19.173322
            ],
            [
              82.8971243,
              19.1747002
            ],
            [
              82.8952145,
              19.17468
            ],
            [
              82.8933263,
              19.1747205
            ],
            [
              82.8928971,
              19.175369
            ],
            [
              82.8925109,
              19.1770309
            ],
            [
              82.8914594,
              19.1791387
            ],
            [
              82.8872537,
              19.180456
            ],
            [
              82.8851294,
              19.1810235
            ],
            [
              82.8827476,
              19.1813072
            ],
            [
              82.8818893,
              19.1823205
            ],
            [
              82.8813314,
              19.1837594
            ],
            [
              82.8804476,
              19.1842762
            ],
            [
              82.8799796,
              19.1845498
            ],
            [
              82.8788852,
              19.1843269
            ],
            [
              82.8771686,
              19.1837594
            ],
            [
              82.8751731,
              19.1850767
            ],
            [
              82.8741646,
              19.1869614
            ],
            [
              82.8735637,
              19.1887245
            ],
            [
              82.8726411,
              19.1904268
            ],
            [
              82.8710532,
              19.1930714
            ],
            [
              82.8700125,
              19.1930917
            ],
            [
              82.8688538,
              19.1936692
            ],
            [
              82.8681028,
              19.1951182
            ],
            [
              82.8680813,
              19.1967697
            ],
            [
              82.8688108,
              19.1976715
            ],
            [
              82.8714609,
              19.199161
            ],
            [
              82.870903,
              19.2001742
            ],
            [
              82.8698301,
              19.2015521
            ],
            [
              82.8679418,
              19.2024843
            ],
            [
              82.8626632,
              19.2067396
            ],
            [
              82.8603887,
              19.2066586
            ],
            [
              82.8582429,
              19.2059291
            ],
            [
              82.8565692,
              19.2034924
            ],
            [
              82.8549331,
              19.200587
            ],
            [
              82.8548259,
              19.2003211
            ],
            [
              82.8547963,
              19.2001184
            ],
            [
              82.8548661,
              19.1991913
            ],
            [
              82.8551584,
              19.195721
            ],
            [
              82.8550833,
              19.1947129
            ],
            [
              82.8549761,
              19.1940087
            ],
            [
              82.8547078,
              19.1936591
            ],
            [
              82.8542411,
              19.1934919
            ],
            [
              82.8538173,
              19.1935021
            ],
            [
              82.853356,
              19.193573
            ],
            [
              82.8528035,
              19.1937655
            ],
            [
              82.8518861,
              19.194034
            ],
            [
              82.8509957,
              19.1943582
            ],
            [
              82.8498262,
              19.1950523
            ],
            [
              82.8490859,
              19.1958274
            ],
            [
              82.8480506,
              19.1972561
            ],
            [
              82.8460336,
              19.1989178
            ],
            [
              82.8447675,
              19.1998094
            ],
            [
              82.8437161,
              19.2002957
            ],
            [
              82.8424716,
              19.2002957
            ],
            [
              82.8418493,
              19.2000323
            ],
            [
              82.8409481,
              19.1993231
            ],
            [
              82.8406262,
              19.1976614
            ],
            [
              82.8403473,
              19.1955336
            ],
            [
              82.8387379,
              19.193345
            ],
            [
              82.8372574,
              19.192352
            ],
            [
              82.8347468,
              19.1907308
            ],
            [
              82.8338241,
              19.1899607
            ],
            [
              82.8332662,
              19.1881774
            ],
            [
              82.8332448,
              19.1869614
            ],
            [
              82.8336525,
              19.1859481
            ],
            [
              82.8340173,
              19.1850362
            ],
            [
              82.8344893,
              19.1846106
            ],
            [
              82.8349829,
              19.1840837
            ],
            [
              82.8353905,
              19.1831514
            ],
            [
              82.8357339,
              19.1820368
            ],
            [
              82.8352189,
              19.1812059
            ],
            [
              82.8336096,
              19.1800912
            ],
            [
              82.8324294,
              19.1796656
            ],
            [
              82.8304338,
              19.1791995
            ],
            [
              82.8290176,
              19.1788549
            ],
            [
              82.8279447,
              19.1785307
            ],
            [
              82.827301,
              19.1778619
            ],
            [
              82.8269577,
              19.1770917
            ],
            [
              82.8266787,
              19.1762608
            ],
            [
              82.8254556,
              19.1742746
            ],
            [
              82.8239751,
              19.1731802
            ],
            [
              82.8227305,
              19.1719033
            ],
            [
              82.822752,
              19.1711534
            ],
            [
              82.8234815,
              19.1701806
            ],
            [
              82.8245759,
              19.169228
            ],
            [
              82.8249407,
              19.168093
            ],
            [
              82.8248977,
              19.1671404
            ],
            [
              82.8246188,
              19.1662688
            ],
            [
              82.8249192,
              19.1648095
            ],
            [
              82.8261208,
              19.1638164
            ],
            [
              82.8267002,
              19.1623165
            ],
            [
              82.8267002,
              19.1607558
            ],
            [
              82.8266358,
              19.1585667
            ],
            [
              82.8266573,
              19.1565195
            ],
            [
              82.8266358,
              19.1531142
            ],
            [
              82.8255629,
              19.1509048
            ],
            [
              82.8248548,
              19.1490804
            ],
            [
              82.8242969,
              19.1482088
            ],
            [
              82.8237176,
              19.1476412
            ],
            [
              82.8228593,
              19.1475196
            ],
            [
              82.8223228,
              19.1476412
            ],
            [
              82.8212499,
              19.148148
            ],
            [
              82.820971,
              19.1488372
            ],
            [
              82.8205633,
              19.149871
            ],
            [
              82.8195548,
              19.1509048
            ],
            [
              82.818675,
              19.1517358
            ],
            [
              82.817924,
              19.1526277
            ],
            [
              82.8167224,
              19.153398
            ],
            [
              82.8158426,
              19.1542696
            ],
            [
              82.8153705,
              19.1552831
            ],
            [
              82.8155207,
              19.1565803
            ],
            [
              82.8159499,
              19.1580194
            ],
            [
              82.8160786,
              19.1587491
            ],
            [
              82.8164434,
              19.1617084
            ],
            [
              82.817688,
              19.1643839
            ],
            [
              82.8178596,
              19.1656608
            ],
            [
              82.817688,
              19.1673025
            ],
            [
              82.8174519,
              19.1691266
            ],
            [
              82.8166795,
              19.1697752
            ],
            [
              82.8153276,
              19.1689037
            ],
            [
              82.8140187,
              19.1681335
            ],
            [
              82.8126454,
              19.1673228
            ],
            [
              82.8116154,
              19.1665526
            ],
            [
              82.8107142,
              19.1654176
            ],
            [
              82.8097915,
              19.1641001
            ],
            [
              82.8090834,
              19.1623975
            ],
            [
              82.8085899,
              19.160472
            ],
            [
              82.8071093,
              19.1579992
            ],
            [
              82.8059077,
              19.1554858
            ],
            [
              82.8046417,
              19.1539655
            ],
            [
              82.8044057,
              19.1528507
            ],
            [
              82.8038907,
              19.1521818
            ],
            [
              82.8031397,
              19.1518777
            ],
            [
              82.8020453,
              19.1517156
            ],
            [
              82.7978396,
              19.1514926
            ],
            [
              82.7954578,
              19.1529926
            ],
            [
              82.7942991,
              19.1539047
            ],
            [
              82.7933335,
              19.1545128
            ],
            [
              82.7926039,
              19.1550601
            ],
            [
              82.79181,
              19.1559925
            ],
            [
              82.7914881,
              19.1568641
            ],
            [
              82.7917671,
              19.1579992
            ],
            [
              82.7921963,
              19.1592761
            ],
            [
              82.7942776,
              19.1619314
            ],
            [
              82.7944493,
              19.1638569
            ],
            [
              82.7937841,
              19.1651743
            ],
            [
              82.7931833,
              19.166208
            ],
            [
              82.7930116,
              19.1675255
            ],
            [
              82.7927756,
              19.1685389
            ],
            [
              82.7908873,
              19.1691469
            ],
            [
              82.7899647,
              19.1694307
            ],
            [
              82.7891922,
              19.1703224
            ],
            [
              82.7885699,
              19.1715588
            ],
            [
              82.7869606,
              19.1721871
            ],
            [
              82.7857804,
              19.1719033
            ],
            [
              82.7846002,
              19.1714169
            ],
            [
              82.7835059,
              19.1701198
            ],
            [
              82.7827549,
              19.1687821
            ],
            [
              82.7818966,
              19.1674647
            ],
            [
              82.7809095,
              19.1662283
            ],
            [
              82.7800727,
              19.1655594
            ],
            [
              82.7775192,
              19.1652757
            ],
            [
              82.7756095,
              19.1655594
            ],
            [
              82.7742362,
              19.1657013
            ],
            [
              82.7705455,
              19.1676876
            ],
            [
              82.768743,
              19.1682146
            ],
            [
              82.767241,
              19.168924
            ],
            [
              82.7649879,
              19.1697347
            ],
            [
              82.7638507,
              19.1700995
            ],
            [
              82.7616405,
              19.1703022
            ],
            [
              82.7614045,
              19.1693901
            ],
            [
              82.761898,
              19.1683159
            ],
            [
              82.7624345,
              19.1671809
            ],
            [
              82.7622843,
              19.1655189
            ],
            [
              82.7613187,
              19.1650122
            ],
            [
              82.7599454,
              19.1650933
            ],
            [
              82.7584004,
              19.1655392
            ],
            [
              82.7564478,
              19.1669985
            ],
            [
              82.7554822,
              19.1684173
            ],
            [
              82.7541733,
              19.1698765
            ],
            [
              82.7528214,
              19.1710115
            ],
            [
              82.7506542,
              19.1722884
            ],
            [
              82.7486157,
              19.1719033
            ],
            [
              82.7471781,
              19.1710115
            ],
            [
              82.7453971,
              19.1699374
            ],
            [
              82.7416205,
              19.1682956
            ],
            [
              82.7404618,
              19.1678092
            ],
            [
              82.7404403,
              19.1644041
            ],
            [
              82.7405047,
              19.1623975
            ],
            [
              82.740612,
              19.1609787
            ],
            [
              82.7405691,
              19.1600058
            ],
            [
              82.7400112,
              19.1592559
            ],
            [
              82.7381229,
              19.1580194
            ],
            [
              82.7367925,
              19.1572087
            ],
            [
              82.7356338,
              19.1569249
            ],
            [
              82.7350759,
              19.1571276
            ],
            [
              82.7342391,
              19.1578776
            ],
            [
              82.7335095,
              19.1590937
            ],
            [
              82.733252,
              19.1597221
            ],
            [
              82.7326941,
              19.1604517
            ],
            [
              82.7320289,
              19.1607152
            ],
            [
              82.7310633,
              19.1605936
            ],
            [
              82.7301836,
              19.1603504
            ],
            [
              82.729733,
              19.1603099
            ],
            [
              82.7291107,
              19.1608368
            ],
            [
              82.7283811,
              19.1612828
            ],
            [
              82.7277589,
              19.161303
            ],
            [
              82.7249694,
              19.1604315
            ],
            [
              82.7236604,
              19.160249
            ],
            [
              82.7230167,
              19.1604923
            ],
            [
              82.7225232,
              19.1610598
            ],
            [
              82.7225232,
              19.1616881
            ],
            [
              82.7228665,
              19.162357
            ],
            [
              82.723639,
              19.1630664
            ],
            [
              82.7244758,
              19.163715
            ],
            [
              82.7250337,
              19.1644041
            ],
            [
              82.7257633,
              19.1656202
            ],
            [
              82.725935,
              19.166208
            ],
            [
              82.7255702,
              19.1669782
            ],
            [
              82.7249694,
              19.1674039
            ],
            [
              82.7240038,
              19.1681335
            ],
            [
              82.7232098,
              19.1686199
            ],
            [
              82.7226949,
              19.168924
            ],
            [
              82.7220726,
              19.1697144
            ],
            [
              82.7213001,
              19.1708494
            ],
            [
              82.7209353,
              19.1715385
            ],
            [
              82.7212357,
              19.1721668
            ],
            [
              82.721858,
              19.1722681
            ],
            [
              82.7228451,
              19.1723289
            ],
            [
              82.7238321,
              19.1722479
            ],
            [
              82.7247762,
              19.1721871
            ],
            [
              82.7256131,
              19.1725924
            ],
            [
              82.7257848,
              19.1732004
            ],
            [
              82.7253127,
              19.1740111
            ],
            [
              82.7242613,
              19.1741327
            ],
            [
              82.7228236,
              19.1741327
            ],
            [
              82.7219009,
              19.1741125
            ],
            [
              82.7209997,
              19.1743151
            ],
            [
              82.7204418,
              19.174761
            ],
            [
              82.7199697,
              19.1757136
            ],
            [
              82.7193904,
              19.1760987
            ],
            [
              82.718575,
              19.175896
            ],
            [
              82.7174806,
              19.1756528
            ],
            [
              82.7167725,
              19.1756528
            ],
            [
              82.7162146,
              19.1759365
            ],
            [
              82.7155709,
              19.177112
            ],
            [
              82.7149915,
              19.1776795
            ],
            [
              82.7141547,
              19.1781456
            ],
            [
              82.7126527,
              19.1782875
            ],
            [
              82.7116442,
              19.1779835
            ],
            [
              82.7098632,
              19.1778619
            ],
            [
              82.7087688,
              19.1782875
            ],
            [
              82.7079749,
              19.1787739
            ],
            [
              82.7073312,
              19.1791387
            ],
            [
              82.7070737,
              19.179463
            ],
            [
              82.7065801,
              19.1804357
            ],
            [
              82.7063012,
              19.1817733
            ],
            [
              82.7066016,
              19.1829488
            ],
            [
              82.7070737,
              19.183881
            ],
            [
              82.7078247,
              19.1847525
            ],
            [
              82.7081895,
              19.185482
            ],
            [
              82.7081895,
              19.1865561
            ],
            [
              82.7073955,
              19.1874478
            ],
            [
              82.7059364,
              19.1884003
            ],
            [
              82.7046919,
              19.1887448
            ],
            [
              82.7040696,
              19.1891907
            ],
            [
              82.7032757,
              19.1898999
            ],
            [
              82.7023315,
              19.1906295
            ],
            [
              82.7013445,
              19.1909943
            ],
            [
              82.700808,
              19.1909335
            ],
            [
              82.6996922,
              19.1905687
            ],
            [
              82.6985979,
              19.1902445
            ],
            [
              82.697761,
              19.1899607
            ],
            [
              82.6967525,
              19.1898797
            ],
            [
              82.6960015,
              19.1898797
            ],
            [
              82.6947784,
              19.1907308
            ],
            [
              82.6930833,
              19.1905687
            ],
            [
              82.6912379,
              19.1896973
            ],
            [
              82.6900577,
              19.1884611
            ],
            [
              82.6894998,
              19.1874275
            ],
            [
              82.6890278,
              19.1865156
            ],
            [
              82.6880193,
              19.1863737
            ],
            [
              82.6872039,
              19.1863332
            ],
            [
              82.6858306,
              19.1864751
            ],
            [
              82.685101,
              19.1868196
            ],
            [
              82.6824188,
              19.18838
            ],
            [
              82.6816034,
              19.190285
            ],
            [
              82.6814103,
              19.1920481
            ],
            [
              82.6814747,
              19.1937301
            ],
            [
              82.6809597,
              19.1955944
            ],
            [
              82.6812815,
              19.1969724
            ],
            [
              82.6803803,
              19.1976614
            ],
            [
              82.6788997,
              19.1976209
            ],
            [
              82.6778698,
              19.1973169
            ],
            [
              82.6773977,
              19.1970332
            ],
            [
              82.6772046,
              19.1963645
            ],
            [
              82.6769471,
              19.1952094
            ],
            [
              82.6764536,
              19.1941759
            ],
            [
              82.6759171,
              19.193345
            ],
            [
              82.6748657,
              19.192656
            ],
            [
              82.6729774,
              19.1914604
            ],
            [
              82.6722479,
              19.1906498
            ],
            [
              82.6707244,
              19.1882787
            ],
            [
              82.6695227,
              19.1862116
            ],
            [
              82.6692867,
              19.1850564
            ],
            [
              82.6680207,
              19.1838608
            ],
            [
              82.6675701,
              19.1835973
            ],
            [
              82.6661324,
              19.1835162
            ],
            [
              82.6645231,
              19.1840431
            ],
            [
              82.6634502,
              19.1847727
            ],
            [
              82.6624417,
              19.185097
            ],
            [
              82.6613688,
              19.1855834
            ],
            [
              82.6603603,
              19.1860697
            ],
            [
              82.6591801,
              19.186394
            ],
            [
              82.658472,
              19.1866169
            ],
            [
              82.6566911,
              19.1878126
            ],
            [
              82.6558113,
              19.1886638
            ],
            [
              82.6545024,
              19.1887448
            ],
            [
              82.6530432,
              19.188299
            ],
            [
              82.6522922,
              19.1877721
            ],
            [
              82.6517772,
              19.1866575
            ],
            [
              82.6515627,
              19.1856644
            ],
            [
              82.6514554,
              19.1850159
            ],
            [
              82.6508546,
              19.1844079
            ],
            [
              82.6493525,
              19.1835365
            ],
            [
              82.6477432,
              19.1824421
            ],
            [
              82.646842,
              19.1818139
            ],
            [
              82.6464987,
              19.1814085
            ],
            [
              82.6455331,
              19.1803952
            ],
            [
              82.6443529,
              19.178328
            ],
            [
              82.6438379,
              19.1771931
            ],
            [
              82.643044,
              19.176504
            ],
            [
              82.6420355,
              19.1763419
            ],
            [
              82.6409411,
              19.1762
            ],
            [
              82.6398897,
              19.1760784
            ],
            [
              82.6381731,
              19.1759973
            ],
            [
              82.6372075,
              19.175065
            ],
            [
              82.6371431,
              19.1744773
            ],
            [
              82.6374006,
              19.1738287
            ],
            [
              82.6378941,
              19.172937
            ],
            [
              82.6385808,
              19.1722681
            ],
            [
              82.6393533,
              19.1715385
            ],
            [
              82.6401257,
              19.1708494
            ],
            [
              82.6403832,
              19.170059
            ],
            [
              82.640512,
              19.1694712
            ],
            [
              82.6399112,
              19.1671201
            ],
            [
              82.6398682,
              19.165904
            ],
            [
              82.6401472,
              19.1649919
            ],
            [
              82.6404261,
              19.1641609
            ],
            [
              82.6408982,
              19.1631678
            ],
            [
              82.6413917,
              19.1620732
            ],
            [
              82.641778,
              19.1610395
            ],
            [
              82.6421428,
              19.159945
            ],
            [
              82.6420998,
              19.1559317
            ],
            [
              82.6417994,
              19.1540263
            ],
            [
              82.6416492,
              19.1526683
            ],
            [
              82.6408982,
              19.150094
            ],
            [
              82.6396537,
              19.1491413
            ],
            [
              82.6387739,
              19.1486953
            ],
            [
              82.6383394,
              19.1489183
            ],
            [
              82.6376581,
              19.1511277
            ],
            [
              82.6385808,
              19.1524656
            ],
            [
              82.6388812,
              19.1538236
            ],
            [
              82.6382375,
              19.1550804
            ],
            [
              82.6371646,
              19.1562965
            ],
            [
              82.6362419,
              19.1576343
            ],
            [
              82.6349973,
              19.1594788
            ],
            [
              82.6335597,
              19.1614855
            ],
            [
              82.6317787,
              19.1623975
            ],
            [
              82.6292038,
              19.1624989
            ],
            [
              82.6269936,
              19.1620732
            ],
            [
              82.625277,
              19.1615868
            ],
            [
              82.6240539,
              19.1607152
            ],
            [
              82.6238823,
              19.1596004
            ],
            [
              82.6246762,
              19.1581613
            ],
            [
              82.6267576,
              19.1569654
            ],
            [
              82.6284957,
              19.1559114
            ],
            [
              82.6289677,
              19.1548371
            ],
            [
              82.6289677,
              19.1534385
            ],
            [
              82.6282382,
              19.1522629
            ],
            [
              82.6269936,
              19.1516548
            ],
            [
              82.6254058,
              19.1511075
            ],
            [
              82.6244187,
              19.1510872
            ],
            [
              82.6234317,
              19.1513304
            ],
            [
              82.6221871,
              19.1524656
            ],
            [
              82.6214361,
              19.1535399
            ],
            [
              82.6209855,
              19.1546952
            ],
            [
              82.6200628,
              19.1556479
            ],
            [
              82.6186681,
              19.1564182
            ],
            [
              82.6180712,
              19.1566946
            ],
            [
              82.615385,
              19.1579384
            ],
            [
              82.6149773,
              19.159418
            ],
            [
              82.61487,
              19.1609585
            ],
            [
              82.6154065,
              19.1624381
            ],
            [
              82.6158786,
              19.1650325
            ],
            [
              82.6158142,
              19.1677281
            ],
            [
              82.6160288,
              19.1737882
            ],
            [
              82.6160931,
              19.1780848
            ],
            [
              82.6158356,
              19.1807195
            ],
            [
              82.6155996,
              19.1815909
            ],
            [
              82.6146769,
              19.1826245
            ],
            [
              82.6140332,
              19.1829488
            ],
            [
              82.6130676,
              19.1831109
            ],
            [
              82.6119947,
              19.182969
            ],
            [
              82.6108145,
              19.1823813
            ],
            [
              82.6098919,
              19.1818341
            ],
            [
              82.6088619,
              19.181368
            ],
            [
              82.607789,
              19.1809829
            ],
            [
              82.6069951,
              19.1808816
            ],
            [
              82.6058364,
              19.181064
            ],
            [
              82.6048493,
              19.1816517
            ],
            [
              82.6038837,
              19.1828069
            ],
            [
              82.6029825,
              19.1844687
            ],
            [
              82.6023173,
              19.1857252
            ],
            [
              82.5993776,
              19.1896365
            ],
            [
              82.5978112,
              19.1910551
            ],
            [
              82.5954294,
              19.1922102
            ],
            [
              82.593627,
              19.1921291
            ],
            [
              82.5921464,
              19.1913996
            ],
            [
              82.5911379,
              19.1914401
            ],
            [
              82.5907087,
              19.1928789
            ],
            [
              82.5907087,
              19.1943177
            ],
            [
              82.590537,
              19.1963645
            ],
            [
              82.5903654,
              19.2003363
            ],
            [
              82.5902796,
              19.2021803
            ],
            [
              82.5890779,
              19.2029908
            ],
            [
              82.5880694,
              19.2031327
            ],
            [
              82.5873613,
              19.2027072
            ],
            [
              82.5867605,
              19.2018358
            ],
            [
              82.5860953,
              19.2005389
            ],
            [
              82.5848722,
              19.1973169
            ],
            [
              82.5846147,
              19.1963442
            ],
            [
              82.5838423,
              19.1953918
            ],
            [
              82.5825977,
              19.1947433
            ],
            [
              82.5815892,
              19.1944799
            ],
            [
              82.5806236,
              19.194642
            ],
            [
              82.5797009,
              19.1949865
            ],
            [
              82.5787568,
              19.1956552
            ],
            [
              82.5780916,
              19.1968306
            ],
            [
              82.5774908,
              19.1987759
            ],
            [
              82.5771045,
              19.2009239
            ],
            [
              82.577126,
              19.2023221
            ],
            [
              82.5765896,
              19.2059088
            ],
            [
              82.5765466,
              19.2078338
            ],
            [
              82.5762462,
              19.2090091
            ],
            [
              82.5754308,
              19.2101438
            ],
            [
              82.5741648,
              19.2107314
            ],
            [
              82.5733709,
              19.2107112
            ],
            [
              82.5727486,
              19.2106098
            ],
            [
              82.5719332,
              19.2102046
            ],
            [
              82.5715685,
              19.2094549
            ],
            [
              82.5713753,
              19.208462
            ],
            [
              82.5714397,
              19.2074285
            ],
            [
              82.5719976,
              19.2059696
            ],
            [
              82.572062,
              19.2035988
            ],
            [
              82.5718689,
              19.2022816
            ],
            [
              82.571783,
              19.2004579
            ],
            [
              82.5711822,
              19.1994852
            ],
            [
              82.5683498,
              19.1978843
            ],
            [
              82.5665259,
              19.1975398
            ],
            [
              82.5657105,
              19.1975601
            ],
            [
              82.5634146,
              19.1981477
            ],
            [
              82.5618911,
              19.1985328
            ],
            [
              82.5610328,
              19.1996068
            ],
            [
              82.5592947,
              19.2009239
            ],
            [
              82.5571275,
              19.2017548
            ],
            [
              82.5562262,
              19.2020587
            ],
            [
              82.5544667,
              19.2022613
            ],
            [
              82.5537157,
              19.2022613
            ],
            [
              82.5528359,
              19.2028085
            ],
            [
              82.551527,
              19.2034569
            ],
            [
              82.5505829,
              19.2039838
            ],
            [
              82.5494027,
              19.2045309
            ],
            [
              82.5484586,
              19.2046119
            ],
            [
              82.5471926,
              19.2042269
            ],
            [
              82.5458836,
              19.2036595
            ],
            [
              82.5458622,
              19.2023019
            ],
            [
              82.5463128,
              19.2013292
            ],
            [
              82.5478792,
              19.2002552
            ],
            [
              82.548759,
              19.1995662
            ],
            [
              82.5498104,
              19.1987962
            ],
            [
              82.5507974,
              19.1979451
            ],
            [
              82.5515699,
              19.1962631
            ],
            [
              82.5512051,
              19.1950878
            ],
            [
              82.5501966,
              19.1944799
            ],
            [
              82.5490165,
              19.1943177
            ],
            [
              82.5477505,
              19.1943583
            ],
            [
              82.5468492,
              19.1947838
            ],
            [
              82.5453472,
              19.1953715
            ],
            [
              82.5442314,
              19.1956957
            ],
            [
              82.5375581,
              19.1983909
            ],
            [
              82.5352192,
              19.2002552
            ],
            [
              82.5334167,
              19.2013089
            ],
            [
              82.5315499,
              19.2028895
            ],
            [
              82.5304341,
              19.2041459
            ],
            [
              82.5288892,
              19.2037203
            ],
            [
              82.5281381,
              19.2027882
            ],
            [
              82.5279236,
              19.2015926
            ],
            [
              82.5274944,
              19.1999513
            ],
            [
              82.526958,
              19.1986341
            ],
            [
              82.5264215,
              19.1980059
            ],
            [
              82.5255847,
              19.1977222
            ],
            [
              82.5244689,
              19.1978843
            ],
            [
              82.523632,
              19.1984314
            ],
            [
              82.5225806,
              19.199931
            ],
            [
              82.5214433,
              19.2013697
            ],
            [
              82.5187611,
              19.2024843
            ],
            [
              82.5166368,
              19.202079
            ],
            [
              82.5156069,
              19.2015724
            ],
            [
              82.513783,
              19.1997283
            ],
            [
              82.5124311,
              19.1980667
            ],
            [
              82.5085473,
              19.1946014
            ],
            [
              82.5015521,
              19.1892717
            ],
            [
              82.4943208,
              19.1847322
            ],
            [
              82.4918747,
              19.182665
            ],
            [
              82.4898147,
              19.1810032
            ],
            [
              82.48739,
              19.1801925
            ],
            [
              82.4841928,
              19.1802736
            ],
            [
              82.480073,
              19.1802736
            ],
            [
              82.4773264,
              19.1800304
            ],
            [
              82.4755025,
              19.1788347
            ],
            [
              82.4726915,
              19.1777403
            ],
            [
              82.469666,
              19.1781659
            ],
            [
              82.4677992,
              19.1793414
            ],
            [
              82.4661684,
              19.1810184
            ],
            [
              82.464779,
              19.1827613
            ],
            [
              82.4630034,
              19.1841141
            ],
            [
              82.4610186,
              19.1841951
            ],
            [
              82.4596238,
              19.1838911
            ],
            [
              82.4581325,
              19.1833744
            ],
            [
              82.457242,
              19.1829386
            ],
            [
              82.4564052,
              19.182432
            ],
            [
              82.4553001,
              19.1808917
            ],
            [
              82.454474,
              19.1792603
            ],
            [
              82.4543023,
              19.1780037
            ],
            [
              82.4539161,
              19.1768789
            ],
            [
              82.4523282,
              19.1761088
            ],
            [
              82.4503219,
              19.1759973
            ],
            [
              82.4495816,
              19.1765344
            ],
            [
              82.4484873,
              19.1770107
            ],
            [
              82.4469638,
              19.1769093
            ],
            [
              82.4457192,
              19.1762405
            ],
            [
              82.4446249,
              19.1754197
            ],
            [
              82.4440241,
              19.1748319
            ],
            [
              82.4433696,
              19.1736868
            ],
            [
              82.441932,
              19.1718526
            ],
            [
              82.4408805,
              19.1712649
            ],
            [
              82.4398184,
              19.1709913
            ],
            [
              82.4388099,
              19.1708494
            ],
            [
              82.4371791,
              19.1706264
            ],
            [
              82.4338746,
              19.1711331
            ],
            [
              82.4317932,
              19.1719844
            ],
            [
              82.4299586,
              19.1730282
            ],
            [
              82.4271905,
              19.175065
            ],
            [
              82.423135,
              19.1781557
            ],
            [
              82.4193048,
              19.1797771
            ],
            [
              82.4170411,
              19.1810235
            ],
            [
              82.4168106,
              19.1812627
            ],
            [
              82.4153137,
              19.182817
            ],
            [
              82.4143481,
              19.1839722
            ],
            [
              82.4135005,
              19.1849855
            ],
            [
              82.4127066,
              19.1854415
            ],
            [
              82.4116123,
              19.1853503
            ],
            [
              82.4112153,
              19.1851172
            ],
            [
              82.4107003,
              19.1845802
            ],
            [
              82.410121,
              19.1837391
            ],
            [
              82.4098742,
              19.1831413
            ],
            [
              82.4097669,
              19.1823205
            ],
            [
              82.4096918,
              19.1817024
            ],
            [
              82.4098742,
              19.1808005
            ],
            [
              82.4102712,
              19.1795845
            ],
            [
              82.4114728,
              19.1757338
            ],
            [
              82.4116874,
              19.1728863
            ],
            [
              82.4115479,
              19.1712243
            ],
            [
              82.4112368,
              19.1698867
            ],
            [
              82.4109149,
              19.1692178
            ],
            [
              82.4102604,
              19.1684882
            ],
            [
              82.4088657,
              19.1677484
            ],
            [
              82.4051428,
              19.1657824
            ],
            [
              82.4023962,
              19.1652047
            ],
            [
              82.4003792,
              19.1650021
            ],
            [
              82.3973215,
              19.1655797
            ],
            [
              82.3947787,
              19.1664512
            ],
            [
              82.3931479,
              19.1671505
            ],
            [
              82.3911309,
              19.1687719
            ],
            [
              82.3891568,
              19.170819
            ],
            [
              82.3874295,
              19.1725316
            ],
            [
              82.385788,
              19.1740213
            ],
            [
              82.3843825,
              19.1760277
            ],
            [
              82.3835027,
              19.1770411
            ],
            [
              82.3824406,
              19.1774971
            ],
            [
              82.3812711,
              19.1777403
            ],
            [
              82.3801231,
              19.1775984
            ],
            [
              82.378546,
              19.1771221
            ],
            [
              82.3770225,
              19.1764229
            ],
            [
              82.3754024,
              19.1737375
            ],
            [
              82.3744047,
              19.1722479
            ],
            [
              82.3739648,
              19.1711129
            ],
            [
              82.372967,
              19.1704947
            ],
            [
              82.371819,
              19.1703934
            ],
            [
              82.3707676,
              19.1710723
            ],
            [
              82.3697269,
              19.1725417
            ],
            [
              82.3686862,
              19.1748927
            ],
            [
              82.3673665,
              19.1768789
            ],
            [
              82.3666477,
              19.1780645
            ],
            [
              82.3654997,
              19.1789157
            ],
            [
              82.3636651,
              19.1792197
            ],
            [
              82.3616373,
              19.1794021
            ],
            [
              82.3600066,
              19.1794224
            ],
            [
              82.3586547,
              19.179696
            ],
            [
              82.3580217,
              19.1798581
            ],
            [
              82.3575175,
              19.1804763
            ],
            [
              82.3562515,
              19.1816517
            ],
            [
              82.3553073,
              19.1827461
            ],
            [
              82.3544705,
              19.1834656
            ],
            [
              82.3536658,
              19.1840634
            ],
            [
              82.3521101,
              19.1841141
            ],
            [
              82.3514557,
              19.1837594
            ],
            [
              82.3510587,
              19.1831818
            ],
            [
              82.3507905,
              19.182584
            ],
            [
              82.3506188,
              19.1817024
            ],
            [
              82.3504472,
              19.1808512
            ],
            [
              82.350254,
              19.1766155
            ],
            [
              82.3501575,
              19.1750042
            ],
            [
              82.3498356,
              19.1736666
            ],
            [
              82.3482585,
              19.1718628
            ],
            [
              82.3468852,
              19.1704542
            ],
            [
              82.3457909,
              19.1697651
            ],
            [
              82.3444712,
              19.1691874
            ],
            [
              82.3426688,
              19.1683868
            ],
            [
              82.339611,
              19.1679207
            ],
            [
              82.3358452,
              19.1678801
            ],
            [
              82.3331201,
              19.1686706
            ],
            [
              82.3312855,
              19.1692077
            ],
            [
              82.329762,
              19.1700083
            ],
            [
              82.3285067,
              19.1716398
            ],
            [
              82.3270368,
              19.1736362
            ],
            [
              82.3257279,
              19.175136
            ],
            [
              82.323668,
              19.1763824
            ],
            [
              82.3216724,
              19.176656
            ],
            [
              82.3194945,
              19.1767877
            ],
            [
              82.3175311,
              19.1767573
            ],
            [
              82.3145163,
              19.1768587
            ],
            [
              82.312156,
              19.1767371
            ],
            [
              82.3108148,
              19.1764634
            ],
            [
              82.3078644,
              19.1754096
            ],
            [
              82.3067164,
              19.1741631
            ],
            [
              82.3058536,
              19.1732727
            ],
            [
              82.3049784,
              19.1723695
            ],
            [
              82.3028541,
              19.1692685
            ],
            [
              82.2991204,
              19.1652757
            ],
            [
              82.2951722,
              19.1622354
            ],
            [
              82.2938847,
              19.1605734
            ],
            [
              82.2932195,
              19.1591951
            ],
            [
              82.2930264,
              19.1578978
            ],
            [
              82.2925114,
              19.1556682
            ],
            [
              82.291739,
              19.1536818
            ],
            [
              82.2910309,
              19.1516548
            ],
            [
              82.2893786,
              19.1498507
            ],
            [
              82.2875333,
              19.1486345
            ],
            [
              82.2851944,
              19.1477629
            ],
            [
              82.2834134,
              19.1476615
            ],
            [
              82.2819757,
              19.1486345
            ],
            [
              82.2803235,
              19.1512696
            ],
            [
              82.279036,
              19.153702
            ],
            [
              82.2769546,
              19.1555466
            ],
            [
              82.2756243,
              19.1558101
            ],
            [
              82.273221,
              19.1558101
            ],
            [
              82.271676,
              19.155425
            ],
            [
              82.2686291,
              19.153925
            ],
            [
              82.2645306,
              19.1512899
            ],
            [
              82.2632003,
              19.1496075
            ],
            [
              82.2626424,
              19.1478642
            ],
            [
              82.2616553,
              19.1459588
            ],
            [
              82.2594881,
              19.1426343
            ],
            [
              82.2578358,
              19.1416816
            ],
            [
              82.2561407,
              19.1412964
            ],
            [
              82.2535229,
              19.1413775
            ],
            [
              82.2491026,
              19.1440736
            ],
            [
              82.2442102,
              19.145006
            ],
            [
              82.2410774,
              19.144702
            ],
            [
              82.2376871,
              19.1439317
            ],
            [
              82.231636,
              19.1436276
            ],
            [
              82.2289324,
              19.1428979
            ],
            [
              82.2274303,
              19.1418032
            ],
            [
              82.2267222,
              19.1401612
            ],
            [
              82.2260999,
              19.1382354
            ],
            [
              82.2258639,
              19.1367556
            ],
            [
              82.2258639,
              19.1341608
            ],
            [
              82.2278595,
              19.1305726
            ],
            [
              82.2297692,
              19.1288291
            ],
            [
              82.2316789,
              19.1277141
            ],
            [
              82.2341251,
              19.1248961
            ],
            [
              82.2355413,
              19.1228485
            ],
            [
              82.2352195,
              19.1211658
            ],
            [
              82.2338033,
              19.1204156
            ],
            [
              82.2322583,
              19.120294
            ],
            [
              82.2306704,
              19.1203751
            ],
            [
              82.2280526,
              19.1206184
            ],
            [
              82.2261214,
              19.120294
            ],
            [
              82.2250056,
              19.1192397
            ],
            [
              82.2211861,
              19.1150227
            ],
            [
              82.2189331,
              19.1136035
            ],
            [
              82.2176671,
              19.1136846
            ],
            [
              82.2156501,
              19.1143739
            ],
            [
              82.2143841,
              19.1152052
            ],
            [
              82.21241,
              19.1173948
            ],
            [
              82.2093193,
              19.1200849
            ],
            [
              82.2078824,
              19.1181449
            ],
            [
              82.2072601,
              19.1171312
            ],
            [
              82.2064447,
              19.115712
            ],
            [
              82.2057795,
              19.114232
            ],
            [
              82.2051573,
              19.1119612
            ],
            [
              82.204299,
              19.1101973
            ],
            [
              82.2038698,
              19.1085144
            ],
            [
              82.2045135,
              19.1075209
            ],
            [
              82.2056293,
              19.1064869
            ],
            [
              82.206788,
              19.1048648
            ],
            [
              82.206788,
              19.1015193
            ],
            [
              82.2062516,
              19.1001608
            ],
            [
              82.2059297,
              19.0981534
            ],
            [
              82.2062945,
              19.0969571
            ],
            [
              82.2072172,
              19.0967137
            ],
            [
              82.2082042,
              19.0979101
            ],
            [
              82.2092557,
              19.0989442
            ],
            [
              82.2106719,
              19.0987414
            ],
            [
              82.2117877,
              19.0981331
            ],
            [
              82.2130108,
              19.0980723
            ],
            [
              82.2143626,
              19.0987009
            ],
            [
              82.2157359,
              19.0986603
            ],
            [
              82.2175598,
              19.0981534
            ],
            [
              82.2185898,
              19.0975654
            ],
            [
              82.2195768,
              19.0962677
            ],
            [
              82.2200918,
              19.0938952
            ],
            [
              82.2188687,
              19.0911173
            ],
            [
              82.2158646,
              19.0853786
            ],
            [
              82.2114229,
              19.0797817
            ],
            [
              82.2069812,
              19.0759896
            ],
            [
              82.2049641,
              19.0734343
            ],
            [
              82.2037625,
              19.0682832
            ],
            [
              82.2035694,
              19.0649775
            ],
            [
              82.2057581,
              19.0609822
            ],
            [
              82.2095561,
              19.0562769
            ],
            [
              82.213676,
              19.0509021
            ],
            [
              82.2197914,
              19.0424644
            ],
            [
              82.2228598,
              19.0373123
            ],
            [
              82.2285676,
              19.0304765
            ],
            [
              82.2302842,
              19.0276974
            ],
            [
              82.2310138,
              19.025466
            ],
            [
              82.2319579,
              19.0222203
            ],
            [
              82.233696,
              19.0182239
            ],
            [
              82.2340393,
              19.0114076
            ],
            [
              82.2345972,
              19.0034953
            ],
            [
              82.2358846,
              18.9975914
            ],
            [
              82.2369146,
              18.9941828
            ],
            [
              82.2369361,
              18.9868988
            ],
            [
              82.2380733,
              18.9843422
            ],
            [
              82.2381806,
              18.9814812
            ],
            [
              82.2383952,
              18.9763678
            ],
            [
              82.2391248,
              18.9720254
            ],
            [
              82.2396827,
              18.9637257
            ],
            [
              82.2400689,
              18.9604179
            ],
            [
              82.2409487,
              18.9582262
            ],
            [
              82.2410498,
              18.9561791
            ],
            [
              82.2411632,
              18.9538833
            ],
            [
              82.2425365,
              18.9499665
            ],
            [
              82.2424936,
              18.946841
            ],
            [
              82.24303,
              18.9427617
            ],
            [
              82.2438025,
              18.9381545
            ],
            [
              82.2453475,
              18.9351913
            ],
            [
              82.2450471,
              18.9301982
            ],
            [
              82.2464204,
              18.9276205
            ],
            [
              82.2466993,
              18.9229114
            ],
            [
              82.2467277,
              18.9207374
            ],
            [
              82.2467422,
              18.9196231
            ],
            [
              82.2460556,
              18.9182022
            ],
            [
              82.2435236,
              18.9163347
            ],
            [
              82.2409916,
              18.9150762
            ],
            [
              82.2387385,
              18.9144469
            ],
            [
              82.235434,
              18.9145078
            ],
            [
              82.2342109,
              18.9151777
            ],
            [
              82.2333312,
              18.9166595
            ],
            [
              82.2325802,
              18.9180601
            ],
            [
              82.2315717,
              18.9193998
            ],
            [
              82.2301984,
              18.9197449
            ],
            [
              82.2284174,
              18.9194404
            ],
            [
              82.2269153,
              18.9192577
            ],
            [
              82.2232246,
              18.9198464
            ],
            [
              82.2225165,
              18.9205365
            ],
            [
              82.2213363,
              18.9215717
            ],
            [
              82.2200489,
              18.9221604
            ],
            [
              82.2184396,
              18.9224243
            ],
            [
              82.2172165,
              18.9208816
            ],
            [
              82.2159076,
              18.9189127
            ],
            [
              82.2125602,
              18.9179586
            ],
            [
              82.2062731,
              18.9150153
            ],
            [
              82.2015309,
              18.9129245
            ],
            [
              82.2000932,
              18.9109352
            ],
            [
              82.1974754,
              18.9097984
            ],
            [
              82.1961665,
              18.9089864
            ],
            [
              82.1930122,
              18.9071391
            ],
            [
              82.1905231,
              18.9067534
            ],
            [
              82.1846652,
              18.9066925
            ],
            [
              82.1819615,
              18.9059008
            ],
            [
              82.180438,
              18.9050076
            ],
            [
              82.1787858,
              18.9032618
            ],
            [
              82.1774125,
              18.9015971
            ],
            [
              82.1768117,
              18.900034
            ],
            [
              82.17664,
              18.8940452
            ],
            [
              82.1765327,
              18.8915074
            ],
            [
              82.1765756,
              18.8892539
            ],
            [
              82.1771979,
              18.8879749
            ],
            [
              82.1765113,
              18.8864725
            ],
            [
              82.1750951,
              18.8845438
            ],
            [
              82.1729493,
              18.8832038
            ],
            [
              82.1710181,
              18.8823511
            ],
            [
              82.1687221,
              18.8818232
            ],
            [
              82.167542,
              18.8820871
            ],
            [
              82.1669626,
              18.8828789
            ],
            [
              82.1660185,
              18.8833662
            ],
            [
              82.1652889,
              18.8827977
            ],
            [
              82.1635508,
              18.8815593
            ],
            [
              82.1612763,
              18.8798944
            ],
            [
              82.1613836,
              18.8781077
            ],
            [
              82.1615982,
              18.8766255
            ],
            [
              82.162199,
              18.8757525
            ],
            [
              82.1637654,
              18.8751434
            ],
            [
              82.1653104,
              18.8747982
            ],
            [
              82.1668553,
              18.8745546
            ],
            [
              82.1683144,
              18.8738033
            ],
            [
              82.1684432,
              18.8724023
            ],
            [
              82.1681428,
              18.8706562
            ],
            [
              82.1671557,
              18.8694176
            ],
            [
              82.1665549,
              18.8676105
            ],
            [
              82.1663189,
              18.8659455
            ],
            [
              82.1657181,
              18.8645648
            ],
            [
              82.1645379,
              18.863651
            ],
            [
              82.1623063,
              18.8627982
            ],
            [
              82.1612763,
              18.8610926
            ],
            [
              82.1626925,
              18.8588995
            ],
            [
              82.1631002,
              18.857072
            ],
            [
              82.1639371,
              18.8550211
            ],
            [
              82.1643019,
              18.8540058
            ],
            [
              82.1654391,
              18.8534169
            ],
            [
              82.167542,
              18.8531529
            ],
            [
              82.1679497,
              18.8522391
            ],
            [
              82.1679438,
              18.8486835
            ],
            [
              82.167778,
              18.8453754
            ],
            [
              82.1671557,
              18.8438117
            ],
            [
              82.1673059,
              18.8428775
            ],
            [
              82.1680784,
              18.8420652
            ],
            [
              82.1691727,
              18.8411717
            ],
            [
              82.1696448,
              18.839019
            ],
            [
              82.1698594,
              18.83711
            ],
            [
              82.1697521,
              18.8358509
            ],
            [
              82.1691298,
              18.8342872
            ],
            [
              82.1675205,
              18.832236
            ],
            [
              82.1664476,
              18.8303878
            ],
            [
              82.1641946,
              18.8252698
            ],
            [
              82.1628856,
              18.822467
            ],
            [
              82.1621561,
              18.82135
            ],
            [
              82.1620059,
              18.8194205
            ],
            [
              82.1622419,
              18.8184659
            ],
            [
              82.1632075,
              18.8178769
            ],
            [
              82.164731,
              18.816902
            ],
            [
              82.1658253,
              18.8156833
            ],
            [
              82.1669197,
              18.8148506
            ],
            [
              82.1669411,
              18.8136725
            ],
            [
              82.1661043,
              18.812921
            ],
            [
              82.1652245,
              18.8126976
            ],
            [
              82.1638083,
              18.8125351
            ],
            [
              82.1622419,
              18.8122101
            ],
            [
              82.1617269,
              18.8114179
            ],
            [
              82.161169,
              18.8102805
            ],
            [
              82.1608686,
              18.8085134
            ],
            [
              82.1597099,
              18.8066447
            ],
            [
              82.1585083,
              18.8059744
            ],
            [
              82.1575641,
              18.8053244
            ],
            [
              82.1574783,
              18.8042885
            ],
            [
              82.1576929,
              18.8036588
            ],
            [
              82.1588087,
              18.8031306
            ],
            [
              82.1615553,
              18.8031713
            ],
            [
              82.1625638,
              18.8030697
            ],
            [
              82.1642375,
              18.802765
            ],
            [
              82.1661472,
              18.8015056
            ],
            [
              82.166276,
              18.8001244
            ],
            [
              82.166276,
              18.798865
            ],
            [
              82.1657824,
              18.7978696
            ],
            [
              82.1647739,
              18.7972602
            ],
            [
              82.1627354,
              18.7964274
            ],
            [
              82.16192,
              18.7958586
            ],
            [
              82.1612763,
              18.7949648
            ],
            [
              82.1610403,
              18.7941523
            ],
            [
              82.1615767,
              18.7931366
            ],
            [
              82.1615767,
              18.7903942
            ],
            [
              82.1608257,
              18.7880987
            ],
            [
              82.1597957,
              18.786372
            ],
            [
              82.1589374,
              18.7857626
            ],
            [
              82.1578216,
              18.7852547
            ],
            [
              82.1569633,
              18.784889
            ],
            [
              82.155869,
              18.7846859
            ],
            [
              82.1540236,
              18.7848484
            ],
            [
              82.1523928,
              18.7846859
            ],
            [
              82.1510625,
              18.7841374
            ],
            [
              82.148273,
              18.781212
            ],
            [
              82.1465134,
              18.7796274
            ],
            [
              82.1446466,
              18.7787132
            ],
            [
              82.1429944,
              18.7782257
            ],
            [
              82.1412992,
              18.7779209
            ],
            [
              82.1399689,
              18.7778194
            ],
            [
              82.1389174,
              18.7779819
            ],
            [
              82.1381235,
              18.7783272
            ],
            [
              82.1379947,
              18.7796477
            ],
            [
              82.137866,
              18.7806229
            ],
            [
              82.1371794,
              18.7809682
            ],
            [
              82.1347546,
              18.7805822
            ],
            [
              82.1341324,
              18.7797696
            ],
            [
              82.1338749,
              18.778632
            ],
            [
              82.1339822,
              18.7776365
            ],
            [
              82.1342397,
              18.7764582
            ],
            [
              82.1338534,
              18.7752189
            ],
            [
              82.133553,
              18.7740609
            ],
            [
              82.1342397,
              18.7733905
            ],
            [
              82.1342611,
              18.7725982
            ],
            [
              82.1339607,
              18.7717855
            ],
            [
              82.1325016,
              18.7700993
            ],
            [
              82.1334886,
              18.7690834
            ],
            [
              82.1345186,
              18.7682098
            ],
            [
              82.1344542,
              18.7670721
            ],
            [
              82.1339607,
              18.7661172
            ],
            [
              82.1314287,
              18.7659953
            ],
            [
              82.1293258,
              18.7672956
            ],
            [
              82.1261501,
              18.7680676
            ],
            [
              82.1237468,
              18.7685959
            ],
            [
              82.1203565,
              18.768799
            ],
            [
              82.1175241,
              18.7687178
            ],
            [
              82.1155929,
              18.7681083
            ],
            [
              82.1139621,
              18.7670518
            ],
            [
              82.1121168,
              18.7658734
            ],
            [
              82.110486,
              18.7655077
            ],
            [
              82.1095419,
              18.7659953
            ],
            [
              82.1077394,
              18.76758
            ],
            [
              82.106409,
              18.7666861
            ],
            [
              82.1051645,
              18.7655483
            ],
            [
              82.1036195,
              18.7647356
            ],
            [
              82.1011304,
              18.7640449
            ],
            [
              82.0987701,
              18.7636791
            ],
            [
              82.0953369,
              18.7647356
            ],
            [
              82.0940923,
              18.7648575
            ],
            [
              82.0920324,
              18.7636385
            ],
            [
              82.0907878,
              18.762582
            ],
            [
              82.0901012,
              18.7616068
            ],
            [
              82.089715,
              18.7602658
            ]
          ]
        ]
      }
    }
  ]
}